idPartido;division;temporada;jornada;matchDate;LocalName;EquipoLocalId;localMarketValue;PuntosClasiLocal;GolesAFavorLocal;GolesEnContraLocal;VisitanteName;EquipoVisitanteId;visitanteMarketValue;PuntosClasiVisitante;GolesAFavorVisitante;GolesEnContraVisitante;golesLocal;golesVisitante;golDiff
1;2;2022-23;1;2022-08-12;Levante;12;-1;0;0;0;Huesca;8;-1;0;0;0;0;0;0
2;2;2022-23;1;2022-08-13;Eibar;5;-1;0;0;0;Tenerife;20;-1;0;0;0;2;1;1
3;2;2022-23;1;2022-08-13;Mirandés;15;-1;0;0;0;Sporting de Gijón;19;-1;0;0;0;1;1;0
4;2;2022-23;1;2022-08-13;Leganés;11;-1;0;0;0;Alavés;1;-1;0;0;0;1;2;-1
5;2;2022-23;1;2022-08-13;Las Palmas;10;-1;0;0;0;Zaragoza;22;-1;0;0;0;0;0;0
6;2;2022-23;1;2022-08-14;Racing de Santander;18;-1;0;0;0;Villarreal B;21;-1;0;0;0;0;2;-2
7;2;2022-23;1;2022-08-14;Ibiza;9;-1;0;0;0;Granada;7;-1;0;0;0;0;2;-2
8;2;2022-23;1;2022-08-14;Burgos CF;4;-1;0;0;0;Málaga;14;-1;0;0;0;1;0;1
9;2;2022-23;1;2022-08-15;Oviedo;16;-1;0;0;0;Andorra;3;-1;0;0;0;0;1;-1
10;2;2022-23;1;2022-08-15;Lugo;13;-1;0;0;0;Albacete;2;-1;0;0;0;1;2;-1
11;2;2022-23;1;2022-08-15;FC Cartagena;6;-1;0;0;0;Ponferradina;17;-1;0;0;0;2;3;-1
12;2;2022-23;2;2022-08-19;Villarreal B;21;-1;3;2;0;Eibar;5;-1;3;2;1;2;2;0
13;2;2022-23;2;2022-08-19;Alavés;1;-1;3;2;1;Mirandés;15;-1;1;1;1;1;0;1
14;2;2022-23;2;2022-08-20;Sporting de Gijón;19;-1;1;1;1;Andorra;3;-1;3;1;0;4;1;3
15;2;2022-23;2;2022-08-20;Albacete;2;-1;3;2;1;Burgos CF;4;-1;3;1;0;0;0;0
16;2;2022-23;2;2022-08-20;Zaragoza;22;-1;1;0;0;Levante;12;-1;1;0;0;0;0;0
17;2;2022-23;2;2022-08-20;Granada;7;-1;3;2;0;Racing de Santander;18;-1;0;0;2;2;0;2
18;2;2022-23;2;2022-08-21;Oviedo;16;-1;0;0;1;Leganés;11;-1;0;1;2;1;0;1
19;2;2022-23;2;2022-08-21;Huesca;8;-1;1;0;0;FC Cartagena;6;-1;0;2;3;2;3;-1
20;2;2022-23;2;2022-08-21;Tenerife;20;-1;0;1;2;Lugo;13;-1;0;1;2;1;1;0
21;2;2022-23;2;2022-08-22;Ponferradina;17;-1;3;3;2;Ibiza;9;-1;0;0;2;2;1;1
22;2;2022-23;2;2022-08-22;Málaga;14;-1;0;0;1;Las Palmas;10;-1;1;0;0;0;4;-4
23;2;2022-23;3;2022-08-26;Albacete;2;-1;4;2;1;Huesca;8;-1;1;2;3;2;1;1
24;2;2022-23;3;2022-08-26;FC Cartagena;6;-1;3;5;5;Zaragoza;22;-1;2;0;0;1;0;1
25;2;2022-23;3;2022-08-27;Sporting de Gijón;19;-1;4;5;2;Burgos CF;4;-1;4;1;0;0;0;0
26;2;2022-23;3;2022-08-27;Lugo;13;-1;1;2;3;Leganés;11;-1;0;1;3;1;0;1
27;2;2022-23;3;2022-08-27;Mirandés;15;-1;1;1;2;Málaga;14;-1;0;0;5;1;3;-2
28;2;2022-23;3;2022-08-27;Levante;12;-1;2;0;0;Tenerife;20;-1;1;2;3;2;0;2
29;2;2022-23;3;2022-08-28;Racing de Santander;18;-1;0;0;4;Oviedo;16;-1;3;1;1;0;1;-1
30;2;2022-23;3;2022-08-28;Eibar;5;-1;4;4;3;Ponferradina;17;-1;6;5;3;1;0;1
31;2;2022-23;3;2022-08-28;Ibiza;9;-1;0;1;4;Alavés;1;-1;6;3;1;1;1;0
32;2;2022-23;3;2022-08-29;Granada;7;-1;6;4;0;Villarreal B;21;-1;4;4;2;3;0;3
33;2;2022-23;3;2022-08-29;Las Palmas;10;-1;4;4;0;Andorra;3;-1;3;2;4;2;0;2
34;2;2022-23;4;2022-09-02;Leganés;11;-1;0;1;4;Eibar;5;-1;7;5;3;2;1;1
35;2;2022-23;4;2022-09-03;Alavés;1;-1;7;4;2;Las Palmas;10;-1;7;6;0;1;1;0
36;2;2022-23;4;2022-09-03;Villarreal B;21;-1;4;4;5;Mirandés;15;-1;1;2;5;3;0;3
37;2;2022-23;4;2022-09-03;Ponferradina;17;-1;6;5;4;Sporting de Gijón;19;-1;5;5;2;1;3;-2
38;2;2022-23;4;2022-09-03;Tenerife;20;-1;1;2;5;Racing de Santander;18;-1;0;0;5;1;0;1
39;2;2022-23;4;2022-09-04;Andorra;3;-1;3;2;6;Granada;7;-1;9;7;0;1;0;1
40;2;2022-23;4;2022-09-04;Málaga;14;-1;3;3;6;Albacete;2;-1;7;4;2;1;2;-1
41;2;2022-23;4;2022-09-04;Burgos CF;4;-1;5;1;0;FC Cartagena;6;-1;6;6;5;1;0;1
42;2;2022-23;4;2022-09-04;Huesca;8;-1;1;3;5;Ibiza;9;-1;1;2;5;3;0;3
43;2;2022-23;4;2022-09-04;Zaragoza;22;-1;2;0;1;Lugo;13;-1;4;3;3;1;2;-1
44;2;2022-23;4;2022-09-05;Oviedo;16;-1;6;2;1;Levante;12;-1;5;2;0;1;1;0
45;2;2022-23;5;2022-09-09;Las Palmas;10;-1;8;7;1;Leganés;11;-1;3;3;5;1;0;1
46;2;2022-23;5;2022-09-10;Burgos CF;4;-1;8;2;0;Oviedo;16;-1;7;3;2;0;0;0
47;2;2022-23;5;2022-09-10;Levante;12;-1;6;3;1;Villarreal B;21;-1;7;7;5;4;1;3
48;2;2022-23;5;2022-09-10;Lugo;13;-1;7;5;4;Alavés;1;-1;8;5;3;1;2;-1
49;2;2022-23;5;2022-09-10;FC Cartagena;6;-1;6;6;6;Albacete;2;-1;10;6;3;2;1;1
50;2;2022-23;5;2022-09-11;Huesca;8;-1;4;6;5;Málaga;14;-1;3;4;8;1;0;1
51;2;2022-23;5;2022-09-11;Ibiza;9;-1;1;2;8;Tenerife;20;-1;4;3;5;1;0;1
52;2;2022-23;5;2022-09-11;Ponferradina;17;-1;6;6;7;Zaragoza;22;-1;2;1;3;1;2;-1
53;2;2022-23;5;2022-09-11;Mirandés;15;-1;1;2;8;Andorra;3;-1;6;3;6;1;1;0
54;2;2022-23;5;2022-09-11;Sporting de Gijón;19;-1;8;8;3;Racing de Santander;18;-1;0;0;6;0;2;-2
55;2;2022-23;5;2022-09-12;Eibar;5;-1;7;6;5;Granada;7;-1;9;7;1;4;0;4
56;2;2022-23;6;2022-09-16;Levante;12;-1;9;7;2;FC Cartagena;6;-1;9;8;7;0;1;-1
57;2;2022-23;6;2022-09-17;Andorra;3;-1;7;4;7;Eibar;5;-1;10;10;5;2;0;2
58;2;2022-23;6;2022-09-17;Granada;7;-1;9;7;5;Mirandés;15;-1;2;3;9;2;1;1
59;2;2022-23;6;2022-09-17;Oviedo;16;-1;8;3;2;Ibiza;9;-1;4;3;8;0;1;-1
60;2;2022-23;6;2022-09-17;Villarreal B;21;-1;7;8;9;Lugo;13;-1;7;6;6;3;1;2
61;2;2022-23;6;2022-09-17;Zaragoza;22;-1;5;3;4;Sporting de Gijón;19;-1;8;8;5;1;0;1
62;2;2022-23;6;2022-09-18;Alavés;1;-1;11;7;4;Huesca;8;-1;7;7;5;2;1;1
63;2;2022-23;6;2022-09-18;Albacete;2;-1;10;7;5;Ponferradina;17;-1;6;7;9;0;1;-1
64;2;2022-23;6;2022-09-18;Leganés;11;-1;3;3;6;Burgos CF;4;-1;9;2;0;0;0;0
65;2;2022-23;6;2022-09-18;Racing de Santander;18;-1;3;2;6;Las Palmas;10;-1;11;8;1;0;0;0
66;2;2022-23;6;2022-09-19;Tenerife;20;-1;4;3;6;Málaga;14;-1;3;4;9;3;1;2
67;2;2022-23;7;2022-09-23;Sporting de Gijón;19;-1;8;8;6;Ibiza;9;-1;7;4;8;2;1;1
68;2;2022-23;7;2022-09-24;Huesca;8;-1;7;8;7;Leganés;11;-1;4;3;6;1;0;1
69;2;2022-23;7;2022-09-24;Málaga;14;-1;3;5;12;Villarreal B;21;-1;10;11;10;1;1;0
70;2;2022-23;7;2022-09-24;Mirandés;15;-1;2;4;11;Zaragoza;22;-1;8;4;4;2;0;2
71;2;2022-23;7;2022-09-24;Ponferradina;17;-1;9;8;9;Tenerife;20;-1;7;6;7;2;2;0
72;2;2022-23;7;2022-09-25;Burgos CF;4;-1;10;2;0;Levante;12;-1;9;7;3;0;0;0
73;2;2022-23;7;2022-09-25;Eibar;5;-1;10;10;7;Racing de Santander;18;-1;4;2;6;2;1;1
74;2;2022-23;7;2022-09-25;Lugo;13;-1;7;7;9;Oviedo;16;-1;8;3;3;0;0;0
75;2;2022-23;7;2022-09-25;Albacete;2;-1;10;7;6;Andorra;3;-1;10;6;7;1;1;0
76;2;2022-23;7;2022-09-26;FC Cartagena;6;-1;12;9;7;Alavés;1;-1;14;9;5;1;1;0
77;2;2022-23;7;2022-09-26;Las Palmas;10;-1;12;8;1;Granada;7;-1;12;9;6;2;0;2
78;2;2022-23;8;2022-09-30;Tenerife;20;-1;8;8;9;Sporting de Gijón;19;-1;11;10;7;1;1;0
79;2;2022-23;8;2022-10-01;Andorra;3;-1;11;7;8;Levante;12;-1;10;7;3;3;1;2
80;2;2022-23;8;2022-10-01;Villarreal B;21;-1;11;12;11;Burgos CF;4;-1;11;2;0;0;0;0
81;2;2022-23;8;2022-10-01;Mirandés;15;-1;5;6;11;Las Palmas;10;-1;15;10;1;3;3;0
82;2;2022-23;8;2022-10-01;Racing de Santander;18;-1;4;3;8;Málaga;14;-1;4;6;13;0;0;0
83;2;2022-23;8;2022-10-02;Alavés;1;-1;15;10;6;Ponferradina;17;-1;10;10;11;3;1;2
84;2;2022-23;8;2022-10-02;Granada;7;-1;12;9;8;Huesca;8;-1;10;9;7;0;0;0
85;2;2022-23;8;2022-10-02;Ibiza;9;-1;7;5;10;Lugo;13;-1;8;7;9;3;2;1
86;2;2022-23;8;2022-10-02;Oviedo;16;-1;9;3;3;FC Cartagena;6;-1;13;10;8;1;3;-2
87;2;2022-23;8;2022-10-02;Leganés;11;-1;4;3;7;Albacete;2;-1;11;8;7;1;2;-1
88;2;2022-23;8;2022-10-03;Zaragoza;22;-1;8;4;6;Eibar;5;-1;13;12;8;0;0;0
89;2;2022-23;9;2022-10-07;Sporting de Gijón;19;-1;12;11;8;Villarreal B;21;-1;12;12;11;3;1;2
90;2;2022-23;9;2022-10-08;Huesca;8;-1;11;9;7;Lugo;13;-1;8;9;12;1;1;0
91;2;2022-23;9;2022-10-08;Burgos CF;4;-1;12;2;0;Alavés;1;-1;18;13;7;3;0;3
92;2;2022-23;9;2022-10-08;Ponferradina;17;-1;10;11;14;Granada;7;-1;13;9;8;0;0;0
93;2;2022-23;9;2022-10-08;Las Palmas;10;-1;16;13;4;Ibiza;9;-1;10;8;12;0;0;0
94;2;2022-23;9;2022-10-09;FC Cartagena;6;-1;16;13;9;Leganés;11;-1;4;4;9;1;2;-1
95;2;2022-23;9;2022-10-09;Levante;12;-1;10;8;6;Racing de Santander;18;-1;5;3;8;0;1;-1
96;2;2022-23;9;2022-10-09;Albacete;2;-1;14;10;8;Tenerife;20;-1;9;9;10;1;1;0
97;2;2022-23;9;2022-10-09;Málaga;14;-1;5;6;13;Andorra;3;-1;14;10;9;0;0;0
98;2;2022-23;9;2022-10-09;Zaragoza;22;-1;9;4;6;Oviedo;16;-1;9;4;6;1;1;0
99;2;2022-23;9;2022-10-10;Eibar;5;-1;14;12;8;Mirandés;15;-1;6;9;14;0;0;0
100;2;2022-23;10;2022-10-12;Alavés;1;-1;18;13;10;Albacete;2;-1;15;11;9;0;0;0
101;2;2022-23;10;2022-10-12;Andorra;3;-1;15;10;9;Burgos CF;4;-1;15;5;0;0;1;-1
102;2;2022-23;10;2022-10-12;Leganés;11;-1;7;6;10;Málaga;14;-1;6;6;13;1;0;1
103;2;2022-23;10;2022-10-12;Racing de Santander;18;-1;8;4;8;Zaragoza;22;-1;10;5;7;1;0;1
104;2;2022-23;10;2022-10-12;Tenerife;20;-1;10;10;11;FC Cartagena;6;-1;16;14;11;0;0;0
105;2;2022-23;10;2022-10-12;Oviedo;16;-1;10;5;7;Huesca;8;-1;12;10;8;0;1;-1
106;2;2022-23;10;2022-10-12;Lugo;13;-1;9;10;13;Las Palmas;10;-1;17;13;4;0;1;-1
107;2;2022-23;10;2022-10-12;Villarreal B;21;-1;12;13;14;Ponferradina;17;-1;11;11;14;2;2;0
108;2;2022-23;10;2022-10-13;Granada;7;-1;14;9;8;Sporting de Gijón;19;-1;15;14;9;5;0;5
109;2;2022-23;10;2022-10-13;Ibiza;9;-1;11;8;12;Eibar;5;-1;15;12;8;1;2;-1
110;2;2022-23;10;2022-10-13;Mirandés;15;-1;7;9;14;Levante;12;-1;10;8;7;0;1;-1
111;2;2022-23;11;2022-10-15;Huesca;8;-1;15;11;8;Racing de Santander;18;-1;11;5;8;0;0;0
112;2;2022-23;11;2022-10-15;Albacete;2;-1;16;11;9;Oviedo;16;-1;10;5;8;1;0;1
113;2;2022-23;11;2022-10-15;Andorra;3;-1;15;10;10;Alavés;1;-1;19;13;10;0;1;-1
114;2;2022-23;11;2022-10-15;Ponferradina;17;-1;12;13;16;Las Palmas;10;-1;20;14;4;0;1;-1
115;2;2022-23;11;2022-10-15;Zaragoza;22;-1;10;5;8;Villarreal B;21;-1;13;15;16;2;1;1
116;2;2022-23;11;2022-10-16;Burgos CF;4;-1;18;6;0;Mirandés;15;-1;7;9;15;2;1;1
117;2;2022-23;11;2022-10-16;FC Cartagena;6;-1;17;14;11;Ibiza;9;-1;11;9;14;2;0;2
118;2;2022-23;11;2022-10-16;Tenerife;20;-1;11;10;11;Granada;7;-1;17;14;8;2;0;2
119;2;2022-23;11;2022-10-16;Levante;12;-1;13;9;7;Leganés;11;-1;10;7;10;2;1;1
120;2;2022-23;11;2022-10-16;Málaga;14;-1;6;6;14;Lugo;13;-1;9;10;14;3;2;1
121;2;2022-23;11;2022-10-17;Sporting de Gijón;19;-1;15;14;14;Eibar;5;-1;18;14;9;2;0;2
122;2;2022-23;12;2022-10-21;Granada;7;-1;17;14;10;Zaragoza;22;-1;13;7;9;1;0;1
123;2;2022-23;12;2022-10-22;Alavés;1;-1;22;14;10;Sporting de Gijón;19;-1;18;16;14;0;0;0
124;2;2022-23;12;2022-10-22;Ibiza;9;-1;11;9;16;Levante;12;-1;16;11;8;1;2;-1
125;2;2022-23;12;2022-10-22;Villarreal B;21;-1;13;16;18;Andorra;3;-1;15;10;11;1;0;1
126;2;2022-23;12;2022-10-22;Mirandés;15;-1;7;10;17;Huesca;8;-1;16;11;8;1;1;0
127;2;2022-23;12;2022-10-23;Leganés;11;-1;10;8;12;Tenerife;20;-1;14;12;11;2;1;1
128;2;2022-23;12;2022-10-23;Lugo;13;-1;9;12;17;Burgos CF;4;-1;21;8;1;2;0;2
129;2;2022-23;12;2022-10-23;Las Palmas;10;-1;23;15;4;FC Cartagena;6;-1;20;16;11;1;0;1
130;2;2022-23;12;2022-10-23;Racing de Santander;18;-1;12;5;8;Ponferradina;17;-1;12;13;17;1;1;0
131;2;2022-23;12;2022-10-23;Eibar;5;-1;18;14;11;Albacete;2;-1;19;12;9;1;1;0
132;2;2022-23;12;2022-10-24;Oviedo;16;-1;10;5;9;Málaga;14;-1;9;9;16;1;0;1
133;2;2022-23;13;2022-10-28;Tenerife;20;-1;14;13;13;Zaragoza;22;-1;13;7;10;0;2;-2
134;2;2022-23;13;2022-10-29;Alavés;1;-1;23;14;10;Oviedo;16;-1;13;6;9;2;1;1
135;2;2022-23;13;2022-10-29;Andorra;3;-1;15;10;12;Ponferradina;17;-1;13;14;18;3;0;3
136;2;2022-23;13;2022-10-29;Burgos CF;4;-1;21;8;3;Ibiza;9;-1;11;10;18;2;0;2
137;2;2022-23;13;2022-10-29;Huesca;8;-1;17;12;9;Las Palmas;10;-1;26;16;4;1;0;1
138;2;2022-23;13;2022-10-29;Leganés;11;-1;13;10;13;Racing de Santander;18;-1;13;6;9;0;0;0
139;2;2022-23;13;2022-10-30;FC Cartagena;6;-1;20;16;12;Granada;7;-1;20;15;10;0;0;0
140;2;2022-23;13;2022-10-30;Lugo;13;-1;12;14;17;Mirandés;15;-1;8;11;18;0;0;0
141;2;2022-23;13;2022-10-30;Albacete;2;-1;20;13;10;Villarreal B;21;-1;16;17;18;0;0;0
142;2;2022-23;13;2022-10-30;Málaga;14;-1;9;9;17;Eibar;5;-1;19;15;12;0;1;-1
143;2;2022-23;13;2022-10-31;Levante;12;-1;19;13;9;Sporting de Gijón;19;-1;19;16;14;1;0;1
144;2;2022-23;14;2022-11-01;Ibiza;9;-1;11;10;20;Leganés;11;-1;14;10;13;0;2;-2
145;2;2022-23;14;2022-11-01;Racing de Santander;18;-1;14;6;9;Alavés;1;-1;26;16;11;1;1;0
146;2;2022-23;14;2022-11-01;Zaragoza;22;-1;16;9;10;Andorra;3;-1;18;13;12;0;2;-2
147;2;2022-23;14;2022-11-01;Las Palmas;10;-1;26;16;5;Burgos CF;4;-1;24;10;3;0;2;-2
148;2;2022-23;14;2022-11-01;Ponferradina;17;-1;13;14;21;Huesca;8;-1;20;13;9;1;0;1
149;2;2022-23;14;2022-11-02;Eibar;5;-1;22;16;12;Lugo;13;-1;13;14;17;1;0;1
150;2;2022-23;14;2022-11-02;Mirandés;15;-1;9;11;18;Tenerife;20;-1;14;13;15;1;0;1
151;2;2022-23;14;2022-11-02;Villarreal B;21;-1;17;17;18;Oviedo;16;-1;13;7;11;2;1;1
152;2;2022-23;14;2022-11-03;FC Cartagena;6;-1;21;16;12;Málaga;14;-1;9;9;18;2;1;1
153;2;2022-23;14;2022-11-03;Granada;7;-1;21;15;10;Levante;12;-1;22;14;9;0;0;0
154;2;2022-23;14;2022-11-03;Sporting de Gijón;19;-1;19;16;15;Albacete;2;-1;21;13;10;2;2;0
155;2;2022-23;15;2022-11-04;Alavés;1;-1;27;17;12;Zaragoza;22;-1;16;9;12;1;0;1
156;2;2022-23;15;2022-11-05;Andorra;3;-1;21;15;12;Racing de Santander;18;-1;15;7;10;0;1;-1
157;2;2022-23;15;2022-11-05;Burgos CF;4;-1;27;12;3;Tenerife;20;-1;14;13;16;0;1;-1
158;2;2022-23;15;2022-11-05;Huesca;8;-1;20;13;10;Villarreal B;21;-1;20;19;19;1;0;1
159;2;2022-23;15;2022-11-05;Leganés;11;-1;17;12;13;Ponferradina;17;-1;16;15;21;2;1;1
160;2;2022-23;15;2022-11-06;Ibiza;9;-1;11;10;22;Mirandés;15;-1;12;12;18;1;1;0
161;2;2022-23;15;2022-11-06;Málaga;14;-1;9;10;20;Sporting de Gijón;19;-1;20;18;17;1;1;0
162;2;2022-23;15;2022-11-06;Albacete;2;-1;22;15;12;Levante;12;-1;23;14;9;2;3;-1
163;2;2022-23;15;2022-11-06;Las Palmas;10;-1;26;16;7;Eibar;5;-1;25;17;12;1;1;0
164;2;2022-23;15;2022-11-06;Oviedo;16;-1;13;8;13;Granada;7;-1;22;15;10;1;0;1
165;2;2022-23;15;2022-11-07;Lugo;13;-1;13;14;18;FC Cartagena;6;-1;24;18;13;1;1;0
166;2;2022-23;16;2022-11-18;Granada;7;-1;22;15;11;Albacete;2;-1;22;17;15;4;0;4
167;2;2022-23;16;2022-11-19;Tenerife;20;-1;17;14;16;Huesca;8;-1;23;14;10;2;0;2
168;2;2022-23;16;2022-11-19;Sporting de Gijón;19;-1;21;19;18;Leganés;11;-1;20;14;14;2;2;0
169;2;2022-23;16;2022-11-19;Zaragoza;22;-1;16;9;13;Málaga;14;-1;10;11;21;1;1;0
170;2;2022-23;16;2022-11-19;Ponferradina;17;-1;16;16;23;Oviedo;16;-1;16;9;13;1;1;0
171;2;2022-23;16;2022-11-20;Andorra;3;-1;21;15;13;Lugo;13;-1;14;15;19;4;0;4
172;2;2022-23;16;2022-11-20;Levante;12;-1;26;17;11;Las Palmas;10;-1;27;17;8;1;1;0
173;2;2022-23;16;2022-11-20;Eibar;5;-1;26;18;13;Alavés;1;-1;30;18;12;0;0;0
174;2;2022-23;16;2022-11-20;Racing de Santander;18;-1;18;8;10;Burgos CF;4;-1;27;12;4;0;1;-1
175;2;2022-23;16;2022-11-20;Villarreal B;21;-1;20;19;20;Ibiza;9;-1;12;11;23;1;0;1
176;2;2022-23;16;2022-11-21;Mirandés;15;-1;13;13;19;FC Cartagena;6;-1;25;19;14;2;1;1
177;2;2022-23;17;2022-11-25;Huesca;8;-1;23;14;12;Sporting de Gijón;19;-1;22;21;20;0;0;0
178;2;2022-23;17;2022-11-26;Alavés;1;-1;31;18;12;Villarreal B;21;-1;23;20;20;2;0;2
179;2;2022-23;17;2022-11-26;Las Palmas;10;-1;28;18;9;Tenerife;20;-1;20;16;16;3;1;2
180;2;2022-23;17;2022-11-26;Málaga;14;-1;11;12;22;Ponferradina;17;-1;17;17;24;1;0;1
181;2;2022-23;17;2022-11-26;Albacete;2;-1;22;17;19;Racing de Santander;18;-1;18;8;11;2;1;1
182;2;2022-23;17;2022-11-26;Oviedo;16;-1;17;10;14;Mirandés;15;-1;16;15;20;1;0;1
183;2;2022-23;17;2022-11-27;Burgos CF;4;-1;30;13;4;Zaragoza;22;-1;17;10;14;2;2;0
184;2;2022-23;17;2022-11-27;FC Cartagena;6;-1;25;20;16;Eibar;5;-1;27;18;13;2;1;1
185;2;2022-23;17;2022-11-27;Leganés;11;-1;21;16;16;Granada;7;-1;25;19;11;1;0;1
186;2;2022-23;17;2022-11-27;Lugo;13;-1;14;15;23;Levante;12;-1;27;18;12;1;1;0
187;2;2022-23;17;2022-11-28;Ibiza;9;-1;12;11;24;Andorra;3;-1;24;19;13;0;1;-1
188;2;2022-23;18;2022-11-30;Tenerife;20;-1;20;17;19;Oviedo;16;-1;20;11;14;0;1;-1
189;2;2022-23;18;2022-12-02;Granada;7;-1;25;19;12;Alavés;1;-1;34;20;12;3;1;2
190;2;2022-23;18;2022-12-03;Zaragoza;22;-1;18;12;16;Ibiza;9;-1;12;11;25;2;1;1
191;2;2022-23;18;2022-12-03;Villarreal B;21;-1;23;20;22;Leganés;11;-1;24;17;16;0;0;0
192;2;2022-23;18;2022-12-03;Sporting de Gijón;19;-1;23;21;20;Las Palmas;10;-1;31;21;10;0;1;-1
193;2;2022-23;18;2022-12-03;Mirandés;15;-1;16;15;21;Albacete;2;-1;25;19;20;4;2;2
194;2;2022-23;18;2022-12-04;Andorra;3;-1;27;20;13;FC Cartagena;6;-1;28;22;17;0;1;-1
195;2;2022-23;18;2022-12-04;Eibar;5;-1;27;19;15;Huesca;8;-1;24;14;12;2;1;1
196;2;2022-23;18;2022-12-04;Levante;12;-1;28;19;13;Málaga;14;-1;14;13;22;1;0;1
197;2;2022-23;18;2022-12-04;Racing de Santander;18;-1;18;9;13;Lugo;13;-1;15;16;24;0;1;-1
198;2;2022-23;18;2022-12-05;Ponferradina;17;-1;17;17;25;Burgos CF;4;-1;31;15;6;1;2;-1
199;2;2022-23;19;2022-12-06;Leganés;11;-1;25;17;16;Mirandés;15;-1;19;19;23;2;2;0
200;2;2022-23;19;2022-12-06;Albacete;2;-1;25;21;24;Zaragoza;22;-1;21;14;17;0;0;0
201;2;2022-23;19;2022-12-06;Oviedo;16;-1;23;12;14;Las Palmas;10;-1;34;22;10;0;0;0
202;2;2022-23;19;2022-12-07;FC Cartagena;6;-1;31;23;17;Villarreal B;21;-1;24;20;22;0;1;-1
203;2;2022-23;19;2022-12-07;Tenerife;20;-1;20;17;20;Alavés;1;-1;34;21;15;2;1;1
204;2;2022-23;19;2022-12-07;Huesca;8;-1;24;15;14;Andorra;3;-1;27;20;14;1;0;1
205;2;2022-23;19;2022-12-08;Burgos CF;4;-1;34;17;7;Eibar;5;-1;30;21;16;1;2;-1
206;2;2022-23;19;2022-12-08;Ibiza;9;-1;12;12;27;Racing de Santander;18;-1;18;9;14;1;0;1
207;2;2022-23;19;2022-12-08;Levante;12;-1;31;20;13;Ponferradina;17;-1;17;18;27;0;0;0
208;2;2022-23;19;2022-12-08;Lugo;13;-1;18;17;24;Sporting de Gijón;19;-1;23;21;21;0;1;-1
209;2;2022-23;19;2022-12-08;Málaga;14;-1;14;13;23;Granada;7;-1;28;22;13;1;1;0
210;2;2022-23;20;2022-12-10;Andorra;3;-1;27;20;15;Leganés;11;-1;26;19;18;1;1;0
211;2;2022-23;20;2022-12-10;Zaragoza;22;-1;22;14;17;Huesca;8;-1;27;16;14;3;0;3
212;2;2022-23;20;2022-12-10;Villarreal B;21;-1;27;21;22;Tenerife;20;-1;23;19;21;2;2;0
213;2;2022-23;20;2022-12-11;Eibar;5;-1;33;23;17;Oviedo;16;-1;24;12;14;1;0;1
214;2;2022-23;20;2022-12-11;Ibiza;9;-1;15;13;27;Málaga;14;-1;15;14;24;1;1;0
215;2;2022-23;20;2022-12-11;Granada;7;-1;29;23;14;Burgos CF;4;-1;34;18;9;1;0;1
216;2;2022-23;20;2022-12-11;Sporting de Gijón;19;-1;26;22;21;FC Cartagena;6;-1;31;23;18;0;0;0
217;2;2022-23;20;2022-12-11;Ponferradina;17;-1;18;18;27;Lugo;13;-1;18;17;25;1;0;1
218;2;2022-23;20;2022-12-11;Racing de Santander;18;-1;18;9;15;Mirandés;15;-1;20;21;25;1;2;-1
219;2;2022-23;20;2022-12-11;Las Palmas;10;-1;35;22;10;Albacete;2;-1;26;21;24;1;2;-1
220;2;2022-23;20;2022-12-12;Alavés;1;-1;34;22;17;Levante;12;-1;32;20;13;0;2;-2
221;2;2022-23;21;2022-12-16;Tenerife;20;-1;24;21;23;Andorra;3;-1;28;21;16;1;1;0
222;2;2022-23;21;2022-12-17;FC Cartagena;6;-1;32;23;18;Racing de Santander;18;-1;18;10;17;0;3;-3
223;2;2022-23;21;2022-12-17;Mirandés;15;-1;23;23;26;Ponferradina;17;-1;21;19;27;2;1;1
224;2;2022-23;21;2022-12-17;Oviedo;16;-1;24;12;15;Sporting de Gijón;19;-1;27;22;21;1;0;1
225;2;2022-23;21;2022-12-17;Lugo;13;-1;18;17;26;Granada;7;-1;32;24;14;1;0;1
226;2;2022-23;21;2022-12-17;Villarreal B;21;-1;28;23;24;Las Palmas;10;-1;35;23;12;0;1;-1
227;2;2022-23;21;2022-12-18;Burgos CF;4;-1;34;18;10;Huesca;8;-1;27;16;17;1;1;0
228;2;2022-23;21;2022-12-18;Albacete;2;-1;29;23;25;Ibiza;9;-1;16;14;28;4;0;4
229;2;2022-23;21;2022-12-18;Málaga;14;-1;16;15;25;Alavés;1;-1;34;22;19;1;0;1
230;2;2022-23;21;2022-12-18;Levante;12;-1;35;22;13;Eibar;5;-1;36;24;17;0;0;0
231;2;2022-23;21;2022-12-19;Leganés;11;-1;27;20;19;Zaragoza;22;-1;25;17;17;2;1;1
232;2;2022-23;22;2023-01-06;Leganés;11;-1;30;22;20;Lugo;13;-1;21;18;26;1;0;1
233;2;2022-23;22;2023-01-06;Ponferradina;17;-1;21;20;29;Villarreal B;21;-1;28;23;25;2;1;1
234;2;2022-23;22;2023-01-06;Sporting de Gijón;19;-1;27;22;22;Levante;12;-1;36;22;13;1;1;0
235;2;2022-23;22;2023-01-07;Alavés;1;-1;34;22;20;Burgos CF;4;-1;35;19;11;1;0;1
236;2;2022-23;22;2023-01-07;Andorra;3;-1;29;22;17;Oviedo;16;-1;27;13;15;3;1;2
237;2;2022-23;22;2023-01-07;Málaga;14;-1;19;16;25;Tenerife;20;-1;25;22;24;1;1;0
238;2;2022-23;22;2023-01-08;Eibar;5;-1;37;24;17;Ibiza;9;-1;16;14;32;1;0;1
239;2;2022-23;22;2023-01-08;Las Palmas;10;-1;38;24;12;Racing de Santander;18;-1;21;13;17;1;1;0
240;2;2022-23;22;2023-01-08;Granada;7;-1;32;24;15;FC Cartagena;6;-1;32;23;21;1;0;1
241;2;2022-23;22;2023-01-08;Zaragoza;22;-1;25;18;19;Mirandés;15;-1;26;25;27;0;0;0
242;2;2022-23;22;2023-01-09;Huesca;8;-1;28;17;18;Albacete;2;-1;32;27;25;1;1;0
243;2;2022-23;23;2023-01-13;Oviedo;16;-1;27;14;18;Alavés;1;-1;37;23;20;1;0;1
244;2;2022-23;23;2023-01-14;FC Cartagena;6;-1;32;23;22;Huesca;8;-1;29;18;19;0;0;0
245;2;2022-23;23;2023-01-14;Ibiza;9;-1;16;14;33;Las Palmas;10;-1;39;25;13;1;2;-1
246;2;2022-23;23;2023-01-14;Racing de Santander;18;-1;22;14;18;Sporting de Gijón;19;-1;28;23;23;2;0;2
247;2;2022-23;23;2023-01-14;Villarreal B;21;-1;28;24;27;Zaragoza;22;-1;26;18;19;2;3;-1
248;2;2022-23;23;2023-01-14;Levante;12;-1;37;23;14;Granada;7;-1;35;25;15;3;1;2
249;2;2022-23;23;2023-01-14;Tenerife;20;-1;26;23;25;Ponferradina;17;-1;24;22;30;0;0;0
250;2;2022-23;23;2023-01-15;Eibar;5;-1;40;25;17;Málaga;14;-1;20;17;26;2;1;1
251;2;2022-23;23;2023-01-15;Burgos CF;4;-1;35;19;12;Andorra;3;-1;32;25;18;2;1;1
252;2;2022-23;23;2023-01-15;Mirandés;15;-1;27;25;27;Lugo;13;-1;21;18;27;2;0;2
253;2;2022-23;23;2023-01-16;Albacete;2;-1;33;28;26;Leganés;11;-1;33;23;20;1;0;1
254;2;2022-23;24;2023-01-20;Las Palmas;10;-1;42;27;14;Mirandés;15;-1;30;27;27;2;1;1
255;2;2022-23;24;2023-01-21;Alavés;1;-1;37;23;21;Racing de Santander;18;-1;25;16;18;3;0;3
256;2;2022-23;24;2023-01-21;Granada;7;-1;35;26;18;Ibiza;9;-1;16;15;35;2;0;2
257;2;2022-23;24;2023-01-21;Málaga;14;-1;20;18;28;Burgos CF;4;-1;38;21;13;1;1;0
258;2;2022-23;24;2023-01-21;Ponferradina;17;-1;25;22;30;Eibar;5;-1;43;27;18;0;1;-1
259;2;2022-23;24;2023-01-22;FC Cartagena;6;-1;33;23;22;Tenerife;20;-1;27;23;25;0;1;-1
260;2;2022-23;24;2023-01-22;Huesca;8;-1;30;18;19;Oviedo;16;-1;30;15;18;1;1;0
261;2;2022-23;24;2023-01-22;Leganés;11;-1;33;23;21;Levante;12;-1;40;26;15;2;2;0
262;2;2022-23;24;2023-01-22;Lugo;13;-1;21;18;29;Villarreal B;21;-1;28;26;30;1;2;-1
263;2;2022-23;24;2023-01-22;Sporting de Gijón;19;-1;28;23;25;Zaragoza;22;-1;29;21;21;1;0;1
264;2;2022-23;24;2023-01-23;Andorra;3;-1;32;26;20;Albacete;2;-1;36;29;26;0;1;-1
265;2;2022-23;25;2023-01-27;Racing de Santander;18;-1;25;16;21;Tenerife;20;-1;30;24;25;1;1;0
266;2;2022-23;25;2023-01-28;Eibar;5;-1;46;28;18;Leganés;11;-1;34;25;23;0;0;0
267;2;2022-23;25;2023-01-28;Oviedo;16;-1;31;16;19;Villarreal B;21;-1;31;28;31;0;1;-1
268;2;2022-23;25;2023-01-28;Granada;7;-1;38;28;18;Andorra;3;-1;32;26;21;2;0;2
269;2;2022-23;25;2023-01-28;Las Palmas;10;-1;45;29;15;Huesca;8;-1;31;19;20;1;0;1
270;2;2022-23;25;2023-01-29;Albacete;2;-1;39;30;26;Lugo;13;-1;21;19;31;2;0;2
271;2;2022-23;25;2023-01-29;Mirandés;15;-1;30;28;29;Alavés;1;-1;40;26;21;1;3;-2
272;2;2022-23;25;2023-01-29;Levante;12;-1;41;28;17;Burgos CF;4;-1;39;22;14;1;0;1
273;2;2022-23;25;2023-01-29;Ibiza;9;-1;16;15;37;FC Cartagena;6;-1;33;23;23;2;2;0
274;2;2022-23;25;2023-01-29;Sporting de Gijón;19;-1;31;24;25;Málaga;14;-1;21;19;29;0;0;0
275;2;2022-23;25;2023-01-30;Zaragoza;22;-1;29;21;22;Ponferradina;17;-1;25;22;31;0;0;0
276;2;2022-23;26;2023-02-03;Málaga;14;-1;22;19;29;Oviedo;16;-1;31;16;20;0;1;-1
277;2;2022-23;26;2023-02-04;Alavés;1;-1;43;29;22;Eibar;5;-1;47;28;18;2;0;2
278;2;2022-23;26;2023-02-04;Huesca;8;-1;31;19;21;Mirandés;15;-1;30;29;32;1;0;1
279;2;2022-23;26;2023-02-04;Leganés;11;-1;35;25;23;Sporting de Gijón;19;-1;32;24;25;1;0;1
280;2;2022-23;26;2023-02-04;Tenerife;20;-1;31;25;26;Albacete;2;-1;42;32;26;1;0;1
281;2;2022-23;26;2023-02-05;Andorra;3;-1;32;26;23;Zaragoza;22;-1;30;21;22;0;1;-1
282;2;2022-23;26;2023-02-05;FC Cartagena;6;-1;34;25;25;Levante;12;-1;44;29;17;1;2;-1
283;2;2022-23;26;2023-02-05;Ponferradina;17;-1;26;22;31;Racing de Santander;18;-1;26;17;22;1;1;0
284;2;2022-23;26;2023-02-05;Villarreal B;21;-1;34;29;31;Granada;7;-1;41;30;18;0;2;-2
285;2;2022-23;26;2023-02-05;Lugo;13;-1;21;19;33;Ibiza;9;-1;17;17;39;0;0;0
286;2;2022-23;26;2023-02-06;Burgos CF;4;-1;39;22;15;Las Palmas;10;-1;48;30;15;0;0;0
287;2;2022-23;27;2023-02-10;Granada;7;-1;44;32;18;Tenerife;20;-1;34;26;26;2;0;2
288;2;2022-23;27;2023-02-11;Las Palmas;10;-1;49;30;15;Lugo;13;-1;22;19;33;3;0;3
289;2;2022-23;27;2023-02-11;Mirandés;15;-1;30;29;33;Villarreal B;21;-1;34;29;33;2;1;1
290;2;2022-23;27;2023-02-11;Zaragoza;22;-1;33;22;22;Alavés;1;-1;46;31;22;1;4;-3
291;2;2022-23;27;2023-02-11;Levante;12;-1;47;31;18;Andorra;3;-1;32;26;24;1;0;1
292;2;2022-23;27;2023-02-12;Ibiza;9;-1;18;17;39;Ponferradina;17;-1;27;23;32;1;1;0
293;2;2022-23;27;2023-02-12;Albacete;2;-1;42;32;27;Málaga;14;-1;22;19;30;3;2;1
294;2;2022-23;27;2023-02-12;Oviedo;16;-1;34;17;20;Burgos CF;4;-1;40;22;15;0;1;-1
295;2;2022-23;27;2023-02-12;Eibar;5;-1;47;28;20;FC Cartagena;6;-1;34;26;27;0;3;-3
296;2;2022-23;27;2023-02-12;Sporting de Gijón;19;-1;32;24;26;Huesca;8;-1;34;20;21;1;1;0
297;2;2022-23;27;2023-02-13;Racing de Santander;18;-1;27;18;23;Leganés;11;-1;38;26;23;2;1;1
298;2;2022-23;28;2023-02-17;FC Cartagena;6;-1;37;29;27;Oviedo;16;-1;34;17;21;2;1;1
299;2;2022-23;28;2023-02-18;Leganés;11;-1;38;27;25;Las Palmas;10;-1;52;33;15;0;0;0
300;2;2022-23;28;2023-02-18;Lugo;13;-1;22;19;36;Eibar;5;-1;47;28;23;0;2;-2
301;2;2022-23;28;2023-02-18;Ponferradina;17;-1;28;24;33;Levante;12;-1;50;32;18;0;0;0
302;2;2022-23;28;2023-02-18;Tenerife;20;-1;34;26;28;Mirandés;15;-1;33;31;34;1;0;1
303;2;2022-23;28;2023-02-19;Alavés;1;-1;49;35;23;Ibiza;9;-1;19;18;40;4;2;2
304;2;2022-23;28;2023-02-19;Andorra;3;-1;32;26;25;Sporting de Gijón;19;-1;33;25;27;1;0;1
305;2;2022-23;28;2023-02-19;Huesca;8;-1;35;21;22;Granada;7;-1;47;34;18;1;1;0
306;2;2022-23;28;2023-02-19;Villarreal B;21;-1;34;30;35;Racing de Santander;18;-1;30;20;24;2;1;1
307;2;2022-23;28;2023-02-19;Burgos CF;4;-1;43;23;15;Albacete;2;-1;45;35;29;1;1;0
308;2;2022-23;28;2023-02-20;Málaga;14;-1;22;21;33;Zaragoza;22;-1;33;23;26;3;0;3
309;2;2022-23;29;2023-02-24;Eibar;5;-1;50;30;23;Villarreal B;21;-1;37;32;36;2;0;2
310;2;2022-23;29;2023-02-25;Alavés;1;-1;52;39;25;FC Cartagena;6;-1;40;31;28;0;0;0
311;2;2022-23;29;2023-02-25;Sporting de Gijón;19;-1;33;25;28;Tenerife;20;-1;37;27;28;1;0;1
312;2;2022-23;29;2023-02-25;Racing de Santander;18;-1;30;21;26;Andorra;3;-1;35;27;25;2;1;1
313;2;2022-23;29;2023-02-25;Mirandés;15;-1;33;31;35;Leganés;11;-1;39;27;25;0;0;0
314;2;2022-23;29;2023-02-26;Las Palmas;10;-1;53;33;15;Ponferradina;17;-1;29;24;33;2;0;2
315;2;2022-23;29;2023-02-26;Levante;12;-1;51;32;18;Lugo;13;-1;22;19;38;3;1;2
316;2;2022-23;29;2023-02-26;Zaragoza;22;-1;33;23;29;Burgos CF;4;-1;44;24;16;0;0;0
317;2;2022-23;29;2023-02-26;Ibiza;9;-1;19;20;44;Huesca;8;-1;36;22;23;2;2;0
318;2;2022-23;29;2023-02-26;Oviedo;16;-1;34;18;23;Albacete;2;-1;46;36;30;1;1;0
319;2;2022-23;29;2023-02-27;Granada;7;-1;48;35;19;Málaga;14;-1;25;24;33;1;0;1
320;2;2022-23;30;2023-03-03;Andorra;3;-1;35;28;27;Las Palmas;10;-1;56;35;15;0;0;0
321;2;2022-23;30;2023-03-04;Burgos CF;4;-1;45;24;16;Granada;7;-1;51;36;19;1;3;-2
322;2;2022-23;30;2023-03-04;Huesca;8;-1;37;24;25;Levante;12;-1;54;35;19;3;0;3
323;2;2022-23;30;2023-03-04;Mirandés;15;-1;34;31;35;Oviedo;16;-1;35;19;24;1;0;1
324;2;2022-23;30;2023-03-04;Tenerife;20;-1;37;27;29;Eibar;5;-1;53;32;23;0;1;-1
325;2;2022-23;30;2023-03-05;Lugo;13;-1;22;20;41;Zaragoza;22;-1;34;23;29;0;0;0
326;2;2022-23;30;2023-03-05;Málaga;14;-1;25;24;34;Racing de Santander;18;-1;33;23;27;0;1;-1
327;2;2022-23;30;2023-03-05;Albacete;2;-1;47;37;31;Sporting de Gijón;19;-1;36;26;28;2;1;1
328;2;2022-23;30;2023-03-05;Ponferradina;17;-1;29;24;35;FC Cartagena;6;-1;41;31;28;0;3;-3
329;2;2022-23;30;2023-03-05;Leganés;11;-1;40;27;25;Ibiza;9;-1;20;22;46;0;1;-1
330;2;2022-23;30;2023-03-06;Villarreal B;21;-1;37;32;38;Alavés;1;-1;53;39;25;1;0;1
331;2;2022-23;31;2023-03-10;Oviedo;16;-1;35;19;25;Tenerife;20;-1;37;27;30;0;0;0
332;2;2022-23;31;2023-03-11;Alavés;1;-1;53;39;26;Lugo;13;-1;23;20;41;0;0;0
333;2;2022-23;31;2023-03-11;Ibiza;9;-1;23;23;46;Villarreal B;21;-1;40;33;38;0;0;0
334;2;2022-23;31;2023-03-11;Las Palmas;10;-1;57;35;15;Málaga;14;-1;25;24;35;2;2;0
335;2;2022-23;31;2023-03-11;Eibar;5;-1;56;33;23;Burgos CF;4;-1;45;25;19;1;0;1
336;2;2022-23;31;2023-03-12;Granada;7;-1;54;39;20;Ponferradina;17;-1;29;24;38;2;2;0
337;2;2022-23;31;2023-03-12;FC Cartagena;6;-1;44;34;28;Andorra;3;-1;36;28;27;0;3;-3
338;2;2022-23;31;2023-03-12;Zaragoza;22;-1;35;23;29;Leganés;11;-1;40;27;26;3;0;3
339;2;2022-23;31;2023-03-12;Sporting de Gijón;19;-1;36;27;30;Mirandés;15;-1;37;32;35;3;4;-1
340;2;2022-23;31;2023-03-12;Levante;12;-1;54;35;22;Albacete;2;-1;50;39;32;0;0;0
341;2;2022-23;31;2023-03-13;Racing de Santander;18;-1;36;24;27;Huesca;8;-1;40;27;25;1;1;0
342;2;2022-23;32;2023-03-17;Málaga;14;-1;26;26;37;Levante;12;-1;55;35;22;0;0;0
343;2;2022-23;32;2023-03-18;Andorra;3;-1;39;31;27;Ibiza;9;-1;24;23;46;2;2;0
344;2;2022-23;32;2023-03-18;Leganés;11;-1;40;27;29;Oviedo;16;-1;36;19;25;0;1;-1
345;2;2022-23;32;2023-03-18;Albacete;2;-1;51;39;32;Granada;7;-1;55;41;22;1;2;-1
346;2;2022-23;32;2023-03-18;Ponferradina;17;-1;30;26;40;Alavés;1;-1;54;39;26;1;0;1
347;2;2022-23;32;2023-03-18;Tenerife;20;-1;38;27;30;Las Palmas;10;-1;58;37;17;4;1;3
348;2;2022-23;32;2023-03-19;Burgos CF;4;-1;45;25;20;Sporting de Gijón;19;-1;36;30;34;0;0;0
349;2;2022-23;32;2023-03-19;Huesca;8;-1;41;28;26;Zaragoza;22;-1;38;26;29;1;1;0
350;2;2022-23;32;2023-03-19;Lugo;13;-1;24;20;41;Racing de Santander;18;-1;37;25;28;1;1;0
351;2;2022-23;32;2023-03-19;Villarreal B;21;-1;41;33;38;FC Cartagena;6;-1;44;34;31;5;2;3
352;2;2022-23;32;2023-03-20;Mirandés;15;-1;40;36;38;Eibar;5;-1;59;34;23;2;3;-1
353;2;2022-23;33;2023-03-24;FC Cartagena;6;-1;44;36;36;Lugo;13;-1;25;21;42;2;0;2
354;2;2022-23;33;2023-03-25;Alavés;1;-1;54;39;27;Tenerife;20;-1;41;31;31;1;0;1
355;2;2022-23;33;2023-03-25;Ibiza;9;-1;25;25;48;Burgos CF;4;-1;46;25;20;2;0;2
356;2;2022-23;33;2023-03-25;Racing de Santander;18;-1;38;26;29;Levante;12;-1;56;35;22;0;1;-1
357;2;2022-23;33;2023-03-26;Granada;7;-1;58;43;23;Oviedo;16;-1;39;20;25;1;0;1
358;2;2022-23;33;2023-03-26;Las Palmas;10;-1;58;38;21;Sporting de Gijón;19;-1;37;30;34;1;1;0
359;2;2022-23;33;2023-03-26;Eibar;5;-1;62;37;25;Andorra;3;-1;40;33;29;0;0;0
360;2;2022-23;33;2023-03-26;Villarreal B;21;-1;44;38;40;Huesca;8;-1;42;29;27;0;0;0
361;2;2022-23;33;2023-03-26;Ponferradina;17;-1;33;27;40;Mirandés;15;-1;40;38;41;0;0;0
362;2;2022-23;33;2023-03-26;Zaragoza;22;-1;39;27;30;Albacete;2;-1;51;40;34;1;1;0
363;2;2022-23;33;2023-03-27;Málaga;14;-1;27;26;37;Leganés;11;-1;40;27;30;2;0;2
364;2;2022-23;34;2023-03-31;Levante;12;-1;59;36;22;Zaragoza;22;-1;40;28;31;1;1;0
365;2;2022-23;34;2023-04-01;Burgos CF;4;-1;46;25;22;Racing de Santander;18;-1;38;26;30;2;1;1
366;2;2022-23;34;2023-04-01;Tenerife;20;-1;41;31;32;Villarreal B;21;-1;45;38;40;1;1;0
367;2;2022-23;34;2023-04-01;Leganés;11;-1;40;27;32;FC Cartagena;6;-1;47;38;36;1;3;-2
368;2;2022-23;34;2023-04-01;Oviedo;16;-1;39;20;26;Eibar;5;-1;63;37;25;1;1;0
369;2;2022-23;34;2023-04-02;Andorra;3;-1;41;33;29;Málaga;14;-1;30;28;37;1;0;1
370;2;2022-23;34;2023-04-02;Lugo;13;-1;25;21;44;Ponferradina;17;-1;34;27;40;0;0;0
371;2;2022-23;34;2023-04-02;Huesca;8;-1;43;29;27;Alavés;1;-1;57;40;27;0;1;-1
372;2;2022-23;34;2023-04-02;Sporting de Gijón;19;-1;38;31;35;Granada;7;-1;61;44;23;1;0;1
373;2;2022-23;34;2023-04-02;Mirandés;15;-1;41;38;41;Ibiza;9;-1;28;27;48;2;2;0
374;2;2022-23;34;2023-04-03;Albacete;2;-1;52;41;35;Las Palmas;10;-1;59;39;22;1;2;-1
375;2;2022-23;35;2023-04-07;Lugo;13;-1;26;21;44;Tenerife;20;-1;42;32;33;0;0;0
376;2;2022-23;35;2023-04-07;Villarreal B;21;-1;46;39;41;Málaga;14;-1;30;28;38;1;2;-1
377;2;2022-23;35;2023-04-08;Ibiza;9;-1;29;29;50;Sporting de Gijón;19;-1;41;32;35;1;3;-2
378;2;2022-23;35;2023-04-08;Zaragoza;22;-1;41;29;32;Granada;7;-1;61;44;24;1;0;1
379;2;2022-23;35;2023-04-08;Racing de Santander;18;-1;38;27;32;Albacete;2;-1;52;42;37;4;1;3
380;2;2022-23;35;2023-04-09;FC Cartagena;6;-1;50;41;37;Mirandés;15;-1;42;40;43;1;0;1
381;2;2022-23;35;2023-04-09;Eibar;5;-1;64;38;26;Levante;12;-1;60;37;23;1;1;0
382;2;2022-23;35;2023-04-09;Las Palmas;10;-1;62;41;23;Oviedo;16;-1;40;21;27;0;1;-1
383;2;2022-23;35;2023-04-09;Huesca;8;-1;43;29;28;Burgos CF;4;-1;49;27;23;2;1;1
384;2;2022-23;35;2023-04-09;Ponferradina;17;-1;35;27;40;Leganés;11;-1;40;28;35;0;1;-1
385;2;2022-23;35;2023-04-10;Alavés;1;-1;60;41;27;Andorra;3;-1;44;34;29;0;0;0
386;2;2022-23;36;2023-04-14;Albacete;2;-1;52;43;41;Eibar;5;-1;65;39;27;3;1;2
387;2;2022-23;36;2023-04-15;Burgos CF;4;-1;49;28;25;Ponferradina;17;-1;35;27;41;2;2;0
388;2;2022-23;36;2023-04-15;Granada;7;-1;61;44;25;Las Palmas;10;-1;62;41;24;2;1;1
389;2;2022-23;36;2023-04-15;Oviedo;16;-1;43;22;27;Lugo;13;-1;27;21;44;2;1;1
390;2;2022-23;36;2023-04-15;Zaragoza;22;-1;44;30;32;Racing de Santander;18;-1;41;31;33;4;1;3
391;2;2022-23;36;2023-04-16;Andorra;3;-1;45;34;29;Huesca;8;-1;46;31;29;1;0;1
392;2;2022-23;36;2023-04-16;Leganés;11;-1;43;29;35;Villarreal B;21;-1;46;40;43;1;0;1
393;2;2022-23;36;2023-04-16;Sporting de Gijón;19;-1;44;35;36;Alavés;1;-1;61;41;27;0;0;0
394;2;2022-23;36;2023-04-16;Málaga;14;-1;33;30;39;FC Cartagena;6;-1;53;42;37;1;0;1
395;2;2022-23;36;2023-04-16;Tenerife;20;-1;43;32;33;Ibiza;9;-1;29;30;53;4;0;4
396;2;2022-23;36;2023-04-17;Levante;12;-1;61;38;24;Mirandés;15;-1;42;40;44;1;2;-1
397;2;2022-23;37;2023-04-21;Eibar;5;-1;65;40;30;Zaragoza;22;-1;47;34;33;1;1;0
398;2;2022-23;37;2023-04-22;FC Cartagena;6;-1;53;42;38;Sporting de Gijón;19;-1;45;35;36;2;1;1
399;2;2022-23;37;2023-04-22;Ibiza;9;-1;29;30;57;Oviedo;16;-1;46;24;28;1;2;-1
400;2;2022-23;37;2023-04-22;Ponferradina;17;-1;36;29;43;Andorra;3;-1;48;35;29;1;4;-3
401;2;2022-23;37;2023-04-22;Las Palmas;10;-1;62;42;26;Levante;12;-1;61;39;26;0;0;0
402;2;2022-23;37;2023-04-22;Villarreal B;21;-1;46;40;44;Albacete;2;-1;55;46;42;1;2;-1
403;2;2022-23;37;2023-04-23;Alavés;1;-1;62;41;27;Leganés;11;-1;46;30;35;2;1;1
404;2;2022-23;37;2023-04-23;Lugo;13;-1;27;22;46;Málaga;14;-1;36;31;39;0;2;-2
405;2;2022-23;37;2023-04-23;Mirandés;15;-1;45;42;45;Burgos CF;4;-1;50;30;27;2;1;1
406;2;2022-23;37;2023-04-23;Racing de Santander;18;-1;41;32;37;Granada;7;-1;64;46;26;1;0;1
407;2;2022-23;37;2023-04-24;Huesca;8;-1;46;31;30;Tenerife;20;-1;46;36;33;1;1;0
408;2;2022-23;38;2023-04-28;Racing de Santander;18;-1;44;33;37;Ibiza;9;-1;29;31;59;1;0;1
409;2;2022-23;38;2023-04-29;Albacete;2;-1;58;48;43;FC Cartagena;6;-1;56;44;39;1;1;0
410;2;2022-23;38;2023-04-29;Levante;12;-1;62;39;26;Alavés;1;-1;65;43;28;2;0;2
411;2;2022-23;38;2023-04-29;Tenerife;20;-1;47;37;34;Leganés;11;-1;46;31;37;1;0;1
412;2;2022-23;38;2023-04-30;Andorra;3;-1;51;39;30;Mirandés;15;-1;48;44;46;0;1;-1
413;2;2022-23;38;2023-04-30;Oviedo;16;-1;49;26;29;Ponferradina;17;-1;36;30;47;3;2;1
414;2;2022-23;38;2023-04-30;Granada;7;-1;64;46;27;Eibar;5;-1;66;41;31;1;1;0
415;2;2022-23;38;2023-04-30;Zaragoza;22;-1;48;35;34;Las Palmas;10;-1;63;42;26;1;1;0
416;2;2022-23;38;2023-05-01;Burgos CF;4;-1;50;31;29;Villarreal B;21;-1;46;41;46;1;0;1
417;2;2022-23;38;2023-05-01;Málaga;14;-1;39;33;39;Huesca;8;-1;47;32;31;0;0;0
418;2;2022-23;38;2023-05-01;Sporting de Gijón;19;-1;45;36;38;Lugo;13;-1;27;22;48;3;1;2
419;2;2022-23;39;2023-05-05;Alavés;1;-1;65;43;30;Granada;7;-1;65;47;28;1;1;0
420;2;2022-23;39;2023-05-06;Mirandés;15;-1;51;45;46;Racing de Santander;18;-1;47;34;37;1;1;0
421;2;2022-23;39;2023-05-06;Leganés;11;-1;46;31;38;Huesca;8;-1;48;32;31;2;1;1
422;2;2022-23;39;2023-05-06;Tenerife;20;-1;50;38;34;Levante;12;-1;65;41;26;1;0;1
423;2;2022-23;39;2023-05-07;Oviedo;16;-1;52;29;31;Zaragoza;22;-1;49;36;35;2;1;1
424;2;2022-23;39;2023-05-07;Lugo;13;-1;27;23;51;Andorra;3;-1;51;39;31;2;2;0
425;2;2022-23;39;2023-05-07;FC Cartagena;6;-1;57;45;40;Burgos CF;4;-1;53;32;29;0;0;0
426;2;2022-23;39;2023-05-07;Ponferradina;17;-1;36;32;50;Málaga;14;-1;40;33;39;2;0;2
427;2;2022-23;39;2023-05-07;Villarreal B;21;-1;46;41;47;Sporting de Gijón;19;-1;48;39;39;2;0;2
428;2;2022-23;39;2023-05-07;Ibiza;9;-1;29;31;60;Albacete;2;-1;59;49;44;0;5;-5
429;2;2022-23;39;2023-05-08;Eibar;5;-1;67;42;32;Las Palmas;10;-1;64;43;27;0;1;-1
430;2;2022-23;40;2023-05-12;Burgos CF;4;-1;54;32;29;Leganés;11;-1;49;33;39;0;3;-3
431;2;2022-23;40;2023-05-13;Granada;7;-1;66;48;29;Lugo;13;-1;28;25;53;2;0;2
432;2;2022-23;40;2023-05-13;Málaga;14;-1;40;33;41;Mirandés;15;-1;52;46;47;2;0;2
433;2;2022-23;40;2023-05-13;Zaragoza;22;-1;49;37;37;FC Cartagena;6;-1;58;45;40;2;0;2
434;2;2022-23;40;2023-05-13;Sporting de Gijón;19;-1;48;39;41;Oviedo;16;-1;55;31;32;1;1;0
435;2;2022-23;40;2023-05-14;Andorra;3;-1;52;41;33;Tenerife;20;-1;53;39;34;1;0;1
436;2;2022-23;40;2023-05-14;Huesca;8;-1;48;33;33;Ponferradina;17;-1;39;34;50;1;1;0
437;2;2022-23;40;2023-05-14;Las Palmas;10;-1;67;44;27;Villarreal B;21;-1;49;43;47;1;1;0
438;2;2022-23;40;2023-05-14;Albacete;2;-1;62;54;44;Alavés;1;-1;66;44;31;1;1;0
439;2;2022-23;40;2023-05-14;Racing de Santander;18;-1;48;35;38;Eibar;5;-1;67;42;33;1;0;1
440;2;2022-23;40;2023-05-15;Levante;12;-1;65;41;27;Ibiza;9;-1;29;31;65;0;0;0
441;2;2022-23;41;2023-05-20;Alavés;1;-1;67;45;32;Málaga;14;-1;43;35;41;2;1;1
442;2;2022-23;41;2023-05-20;FC Cartagena;6;-1;58;45;42;Las Palmas;10;-1;68;45;28;1;4;-3
443;2;2022-23;41;2023-05-20;Eibar;5;-1;67;42;34;Sporting de Gijón;19;-1;49;40;42;2;2;0
444;2;2022-23;41;2023-05-20;Ibiza;9;-1;30;31;65;Zaragoza;22;-1;52;39;37;1;0;1
445;2;2022-23;41;2023-05-20;Tenerife;20;-1;53;39;35;Burgos CF;4;-1;54;32;32;2;1;1
446;2;2022-23;41;2023-05-20;Mirandés;15;-1;52;46;49;Granada;7;-1;69;50;29;1;3;-2
447;2;2022-23;41;2023-05-20;Lugo;13;-1;28;25;55;Huesca;8;-1;49;34;34;1;2;-1
448;2;2022-23;41;2023-05-20;Villarreal B;21;-1;50;44;48;Levante;12;-1;66;41;27;2;3;-1
449;2;2022-23;41;2023-05-20;Ponferradina;17;-1;40;35;51;Albacete;2;-1;63;55;45;1;1;0
450;2;2022-23;41;2023-05-21;Oviedo;16;-1;56;32;33;Racing de Santander;18;-1;51;36;38;1;0;1
451;2;2022-23;41;2023-05-21;Leganés;11;-1;52;36;39;Andorra;3;-1;55;42;33;1;1;0
452;2;2022-23;42;2023-05-26;Zaragoza;22;-1;52;39;38;Tenerife;20;-1;56;41;36;1;1;0
453;2;2022-23;42;2023-05-27;Andorra;3;-1;56;43;34;Villarreal B;21;-1;50;46;51;4;3;1
454;2;2022-23;42;2023-05-27;Burgos CF;4;-1;54;33;34;Lugo;13;-1;28;26;57;0;1;-1
455;2;2022-23;42;2023-05-27;Granada;7;-1;72;53;30;Leganés;11;-1;53;37;40;2;0;2
456;2;2022-23;42;2023-05-27;Levante;12;-1;69;44;29;Oviedo;16;-1;59;33;33;2;1;1
457;2;2022-23;42;2023-05-27;Albacete;2;-1;64;56;46;Mirandés;15;-1;52;47;52;2;1;1
458;2;2022-23;42;2023-05-27;Las Palmas;10;-1;71;49;29;Alavés;1;-1;70;47;33;0;0;0
459;2;2022-23;42;2023-05-27;Huesca;8;-1;52;36;35;Eibar;5;-1;68;44;36;0;1;-1
460;2;2022-23;42;2023-05-27;Málaga;14;-1;43;36;43;Ibiza;9;-1;33;32;65;1;1;0
461;2;2022-23;42;2023-05-28;Racing de Santander;18;-1;51;36;39;FC Cartagena;6;-1;58;46;46;3;1;2
462;2;2022-23;42;2023-05-28;Sporting de Gijón;19;-1;50;42;44;Ponferradina;17;-1;41;36;52;1;4;-3
463;1;2022-23;1;2022-08-12;Osasuna;35;-1;0;0;0;Sevilla;39;-1;0;0;0;2;1;1
464;1;2022-23;1;2022-08-13;Celta de Vigo;29;-1;0;0;0;Espanyol;31;-1;0;0;0;2;2;0
465;1;2022-23;1;2022-08-13;Valladolid;41;-1;0;0;0;Villarreal;42;-1;0;0;0;0;3;-3
466;1;2022-23;1;2022-08-13;Barcelona;26;-1;0;0;0;Rayo Vallecano;36;-1;0;0;0;0;0;0
467;1;2022-23;1;2022-08-14;Cádiz;28;-1;0;0;0;Real Sociedad;37;-1;0;0;0;0;1;-1
468;1;2022-23;1;2022-08-14;Valencia;40;-1;0;0;0;Girona;33;-1;0;0;0;1;0;1
469;1;2022-23;1;2022-08-14;Almería;23;-1;0;0;0;Real Madrid;38;-1;0;0;0;1;2;-1
470;1;2022-23;1;2022-08-15;Athletic Club;24;-1;0;0;0;Mallorca;34;-1;0;0;0;0;0;0
471;1;2022-23;1;2022-08-15;Getafe;32;-1;0;0;0;Atlético de Madrid;25;-1;0;0;0;0;3;-3
472;1;2022-23;1;2022-08-15;Betis;27;-1;0;0;0;Elche;30;-1;0;0;0;3;0;3
473;1;2022-23;2;2022-08-19;Espanyol;31;-1;1;2;2;Rayo Vallecano;36;-1;1;0;0;0;2;-2
474;1;2022-23;2;2022-08-19;Sevilla;39;-1;0;1;2;Valladolid;41;-1;0;0;3;1;1;0
475;1;2022-23;2;2022-08-20;Osasuna;35;-1;3;2;1;Cádiz;28;-1;0;0;1;2;0;2
476;1;2022-23;2;2022-08-20;Mallorca;34;-1;1;0;0;Betis;27;-1;3;3;0;1;2;-1
477;1;2022-23;2;2022-08-20;Celta de Vigo;29;-1;1;2;2;Real Madrid;38;-1;3;2;1;1;4;-3
478;1;2022-23;2;2022-08-21;Athletic Club;24;-1;1;0;0;Valencia;40;-1;3;1;0;1;0;1
479;1;2022-23;2;2022-08-21;Atlético de Madrid;25;-1;3;3;0;Villarreal;42;-1;3;3;0;0;2;-2
480;1;2022-23;2;2022-08-21;Real Sociedad;37;-1;3;1;0;Barcelona;26;-1;1;0;0;1;4;-3
481;1;2022-23;2;2022-08-22;Elche;30;-1;0;0;3;Almería;23;-1;0;1;2;1;1;0
482;1;2022-23;2;2022-08-22;Girona;33;-1;0;0;1;Getafe;32;-1;0;0;3;3;1;2
483;1;2022-23;3;2022-08-26;Girona;33;-1;3;3;2;Celta de Vigo;29;-1;1;3;6;0;1;-1
484;1;2022-23;3;2022-08-26;Betis;27;-1;6;5;1;Osasuna;35;-1;6;4;1;1;0;1
485;1;2022-23;3;2022-08-27;Elche;30;-1;1;1;4;Real Sociedad;37;-1;3;2;4;0;1;-1
486;1;2022-23;3;2022-08-27;Rayo Vallecano;36;-1;4;2;0;Mallorca;34;-1;1;1;2;0;2;-2
487;1;2022-23;3;2022-08-27;Almería;23;-1;1;2;3;Sevilla;39;-1;1;2;3;2;1;1
488;1;2022-23;3;2022-08-28;Getafe;32;-1;0;1;6;Villarreal;42;-1;6;5;0;0;0;0
489;1;2022-23;3;2022-08-28;Barcelona;26;-1;4;4;1;Valladolid;41;-1;1;1;4;4;0;4
490;1;2022-23;3;2022-08-28;Espanyol;31;-1;1;2;4;Real Madrid;38;-1;6;6;2;1;3;-2
491;1;2022-23;3;2022-08-29;Cádiz;28;-1;0;0;3;Athletic Club;24;-1;4;1;0;0;4;-4
492;1;2022-23;3;2022-08-29;Valencia;40;-1;3;1;1;Atlético de Madrid;25;-1;3;3;2;0;1;-1
493;1;2022-23;4;2022-09-02;Celta de Vigo;29;-1;4;4;6;Cádiz;28;-1;0;0;7;3;0;3
494;1;2022-23;4;2022-09-03;Mallorca;34;-1;4;3;2;Girona;33;-1;3;3;3;1;1;0
495;1;2022-23;4;2022-09-03;Real Madrid;38;-1;9;9;3;Betis;27;-1;9;6;1;2;1;1
496;1;2022-23;4;2022-09-03;Real Sociedad;37;-1;6;3;4;Atlético de Madrid;25;-1;6;4;2;1;1;0
497;1;2022-23;4;2022-09-03;Sevilla;39;-1;1;3;5;Barcelona;26;-1;7;8;1;0;3;-3
498;1;2022-23;4;2022-09-04;Osasuna;35;-1;6;4;2;Rayo Vallecano;36;-1;4;2;2;2;1;1
499;1;2022-23;4;2022-09-04;Athletic Club;24;-1;7;5;0;Espanyol;31;-1;1;3;7;0;1;-1
500;1;2022-23;4;2022-09-04;Villarreal;42;-1;7;5;0;Elche;30;-1;1;1;5;4;0;4
501;1;2022-23;4;2022-09-04;Valencia;40;-1;3;1;2;Getafe;32;-1;1;1;6;5;1;4
502;1;2022-23;4;2022-09-05;Valladolid;41;-1;1;1;8;Almería;23;-1;4;4;4;1;0;1
503;1;2022-23;5;2022-09-09;Girona;33;-1;4;4;4;Valladolid;41;-1;4;2;8;2;1;1
504;1;2022-23;5;2022-09-10;Rayo Vallecano;36;-1;4;3;4;Valencia;40;-1;6;6;3;2;1;1
505;1;2022-23;5;2022-09-10;Espanyol;31;-1;4;4;7;Sevilla;39;-1;1;3;8;2;3;-1
506;1;2022-23;5;2022-09-10;Cádiz;28;-1;0;0;10;Barcelona;26;-1;10;11;1;0;4;-4
507;1;2022-23;5;2022-09-10;Atlético de Madrid;25;-1;7;5;3;Celta de Vigo;29;-1;7;7;6;4;1;3
508;1;2022-23;5;2022-09-11;Real Madrid;38;-1;12;11;4;Mallorca;34;-1;5;4;3;4;1;3
509;1;2022-23;5;2022-09-11;Getafe;32;-1;1;2;11;Real Sociedad;37;-1;7;4;5;2;1;1
510;1;2022-23;5;2022-09-11;Elche;30;-1;1;1;9;Athletic Club;24;-1;7;5;1;1;4;-3
511;1;2022-23;5;2022-09-11;Betis;27;-1;9;7;3;Villarreal;42;-1;10;9;0;1;0;1
512;1;2022-23;5;2022-09-12;Almería;23;-1;4;4;5;Osasuna;35;-1;9;6;3;0;1;-1
513;1;2022-23;6;2022-09-16;Valladolid;41;-1;4;3;10;Cádiz;28;-1;0;0;14;0;1;-1
514;1;2022-23;6;2022-09-17;Athletic Club;24;-1;10;9;2;Rayo Vallecano;36;-1;7;5;5;3;2;1
515;1;2022-23;6;2022-09-17;Barcelona;26;-1;13;15;1;Elche;30;-1;1;2;13;3;0;3
516;1;2022-23;6;2022-09-17;Valencia;40;-1;6;7;5;Celta de Vigo;29;-1;7;8;10;3;0;3
517;1;2022-23;6;2022-09-17;Mallorca;34;-1;5;5;7;Almería;23;-1;4;4;6;1;0;1
518;1;2022-23;6;2022-09-18;Atlético de Madrid;25;-1;10;9;4;Real Madrid;38;-1;15;15;5;1;2;-1
519;1;2022-23;6;2022-09-18;Betis;27;-1;12;8;3;Girona;33;-1;7;6;5;2;1;1
520;1;2022-23;6;2022-09-18;Osasuna;35;-1;12;7;3;Getafe;32;-1;4;4;12;0;2;-2
521;1;2022-23;6;2022-09-18;Real Sociedad;37;-1;7;5;7;Espanyol;31;-1;4;6;10;2;1;1
522;1;2022-23;6;2022-09-18;Villarreal;42;-1;10;9;1;Sevilla;39;-1;4;6;10;1;1;0
523;1;2022-23;7;2022-09-30;Athletic Club;24;-1;13;12;4;Almería;23;-1;4;4;7;4;0;4
524;1;2022-23;7;2022-10-01;Getafe;32;-1;7;6;12;Valladolid;41;-1;4;3;11;2;3;-1
525;1;2022-23;7;2022-10-01;Cádiz;28;-1;3;1;14;Villarreal;42;-1;11;10;2;0;0;0
526;1;2022-23;7;2022-10-01;Sevilla;39;-1;5;7;11;Atlético de Madrid;25;-1;10;10;6;0;2;-2
527;1;2022-23;7;2022-10-01;Mallorca;34;-1;8;6;7;Barcelona;26;-1;16;18;1;0;1;-1
528;1;2022-23;7;2022-10-02;Espanyol;31;-1;4;7;12;Valencia;40;-1;9;10;5;2;2;0
529;1;2022-23;7;2022-10-02;Girona;33;-1;7;7;7;Real Sociedad;37;-1;10;7;8;3;5;-2
530;1;2022-23;7;2022-10-02;Celta de Vigo;29;-1;7;8;13;Betis;27;-1;15;10;4;1;0;1
531;1;2022-23;7;2022-10-02;Real Madrid;38;-1;18;17;6;Osasuna;35;-1;12;7;5;1;1;0
532;1;2022-23;7;2022-10-03;Rayo Vallecano;36;-1;7;7;8;Elche;30;-1;1;2;16;2;1;1
533;1;2022-23;8;2022-10-07;Osasuna;35;-1;13;8;6;Valencia;40;-1;10;12;7;1;2;-1
534;1;2022-23;8;2022-10-08;Atlético de Madrid;25;-1;13;12;6;Girona;33;-1;7;10;12;2;1;1
535;1;2022-23;8;2022-10-08;Getafe;32;-1;7;8;15;Real Madrid;38;-1;19;18;7;0;1;-1
536;1;2022-23;8;2022-10-08;Almería;23;-1;4;4;11;Rayo Vallecano;36;-1;10;9;9;3;1;2
537;1;2022-23;8;2022-10-08;Sevilla;39;-1;5;7;13;Athletic Club;24;-1;16;16;4;1;1;0
538;1;2022-23;8;2022-10-09;Barcelona;26;-1;19;19;1;Celta de Vigo;29;-1;10;9;13;1;0;1
539;1;2022-23;8;2022-10-09;Cádiz;28;-1;4;1;14;Espanyol;31;-1;5;9;14;2;2;0
540;1;2022-23;8;2022-10-09;Real Sociedad;37;-1;13;12;11;Villarreal;42;-1;12;10;2;1;0;1
541;1;2022-23;8;2022-10-09;Valladolid;41;-1;7;6;13;Betis;27;-1;15;10;5;0;0;0
542;1;2022-23;8;2022-10-10;Elche;30;-1;1;3;18;Mallorca;34;-1;8;6;8;1;1;0
543;1;2022-23;9;2022-10-14;Rayo Vallecano;36;-1;10;10;12;Getafe;32;-1;7;8;16;0;0;0
544;1;2022-23;9;2022-10-15;Athletic Club;24;-1;17;17;5;Atlético de Madrid;25;-1;16;14;7;0;1;-1
545;1;2022-23;9;2022-10-15;Mallorca;34;-1;9;7;9;Sevilla;39;-1;6;8;14;0;1;-1
546;1;2022-23;9;2022-10-15;Valencia;40;-1;13;14;8;Elche;30;-1;2;4;19;2;2;0
547;1;2022-23;9;2022-10-15;Girona;33;-1;7;11;14;Cádiz;28;-1;5;3;16;1;1;0
548;1;2022-23;9;2022-10-16;Celta de Vigo;29;-1;10;9;14;Real Sociedad;37;-1;16;13;11;1;2;-1
549;1;2022-23;9;2022-10-16;Espanyol;31;-1;6;11;16;Valladolid;41;-1;8;6;13;1;0;1
550;1;2022-23;9;2022-10-16;Real Madrid;38;-1;22;19;7;Barcelona;26;-1;22;20;1;3;1;2
551;1;2022-23;9;2022-10-16;Betis;27;-1;16;10;5;Almería;23;-1;7;7;12;3;1;2
552;1;2022-23;9;2022-10-17;Villarreal;42;-1;12;10;3;Osasuna;35;-1;13;9;8;2;0;2
553;1;2022-23;10;2022-10-18;Atlético de Madrid;25;-1;19;15;7;Rayo Vallecano;36;-1;11;10;12;1;1;0
554;1;2022-23;10;2022-10-18;Sevilla;39;-1;9;9;14;Valencia;40;-1;14;16;10;1;1;0
555;1;2022-23;10;2022-10-18;Getafe;32;-1;8;8;16;Athletic Club;24;-1;17;17;6;2;2;0
556;1;2022-23;10;2022-10-19;Elche;30;-1;3;6;21;Real Madrid;38;-1;25;22;8;0;3;-3
557;1;2022-23;10;2022-10-19;Cádiz;28;-1;6;4;17;Betis;27;-1;19;13;6;0;0;0
558;1;2022-23;10;2022-10-19;Valladolid;41;-1;8;6;14;Celta de Vigo;29;-1;10;10;16;4;1;3
559;1;2022-23;10;2022-10-19;Real Sociedad;37;-1;19;15;12;Mallorca;34;-1;9;7;10;1;0;1
560;1;2022-23;10;2022-10-20;Barcelona;26;-1;22;21;4;Villarreal;42;-1;15;12;3;3;0;3
561;1;2022-23;10;2022-10-20;Almería;23;-1;7;8;15;Girona;33;-1;8;12;15;3;2;1
562;1;2022-23;10;2022-10-20;Osasuna;35;-1;13;9;10;Espanyol;31;-1;9;12;16;1;0;1
563;1;2022-23;11;2022-10-22;Real Madrid;38;-1;28;25;8;Sevilla;39;-1;10;10;15;3;1;2
564;1;2022-23;11;2022-10-22;Valencia;40;-1;15;17;11;Mallorca;34;-1;9;7;11;1;2;-1
565;1;2022-23;11;2022-10-22;Rayo Vallecano;36;-1;12;11;13;Cádiz;28;-1;7;4;17;5;1;4
566;1;2022-23;11;2022-10-22;Valladolid;41;-1;11;10;15;Real Sociedad;37;-1;22;16;12;1;0;1
567;1;2022-23;11;2022-10-23;Girona;33;-1;8;14;18;Osasuna;35;-1;16;10;10;1;1;0
568;1;2022-23;11;2022-10-23;Barcelona;26;-1;25;24;4;Athletic Club;24;-1;18;19;8;4;0;4
569;1;2022-23;11;2022-10-23;Betis;27;-1;20;13;6;Atlético de Madrid;25;-1;20;16;8;1;2;-1
570;1;2022-23;11;2022-10-23;Espanyol;31;-1;9;12;17;Elche;30;-1;3;6;24;2;2;0
571;1;2022-23;11;2022-10-23;Villarreal;42;-1;15;12;6;Almería;23;-1;10;11;17;2;1;1
572;1;2022-23;11;2022-10-24;Celta de Vigo;29;-1;10;11;20;Getafe;32;-1;9;10;18;1;1;0
573;1;2022-23;12;2022-10-28;Mallorca;34;-1;12;9;12;Espanyol;31;-1;10;14;19;1;1;0
574;1;2022-23;12;2022-10-29;Almería;23;-1;10;12;19;Celta de Vigo;29;-1;11;12;21;3;1;2
575;1;2022-23;12;2022-10-29;Cádiz;28;-1;7;5;22;Atlético de Madrid;25;-1;23;18;9;3;2;1
576;1;2022-23;12;2022-10-29;Valencia;40;-1;15;18;13;Barcelona;26;-1;28;28;4;0;1;-1
577;1;2022-23;12;2022-10-29;Sevilla;39;-1;10;11;18;Rayo Vallecano;36;-1;15;16;14;0;1;-1
578;1;2022-23;12;2022-10-30;Athletic Club;24;-1;18;19;12;Villarreal;42;-1;18;14;7;1;0;1
579;1;2022-23;12;2022-10-30;Osasuna;35;-1;17;11;11;Valladolid;41;-1;14;11;15;2;0;2
580;1;2022-23;12;2022-10-30;Real Sociedad;37;-1;22;16;13;Betis;27;-1;20;14;8;0;2;-2
581;1;2022-23;12;2022-10-30;Real Madrid;38;-1;31;28;9;Girona;33;-1;9;15;19;1;1;0
582;1;2022-23;12;2022-10-31;Elche;30;-1;4;8;26;Getafe;32;-1;10;11;19;0;1;-1
583;1;2022-23;13;2022-11-04;Girona;33;-1;10;16;20;Athletic Club;24;-1;21;20;12;2;1;1
584;1;2022-23;13;2022-11-05;Celta de Vigo;29;-1;11;13;24;Osasuna;35;-1;20;13;11;1;2;-1
585;1;2022-23;13;2022-11-05;Valladolid;41;-1;14;11;17;Elche;30;-1;4;8;27;2;1;1
586;1;2022-23;13;2022-11-05;Getafe;32;-1;13;12;19;Cádiz;28;-1;10;8;24;0;0;0
587;1;2022-23;13;2022-11-05;Barcelona;26;-1;31;29;4;Almería;23;-1;13;15;20;2;0;2
588;1;2022-23;13;2022-11-06;Atlético de Madrid;25;-1;23;20;12;Espanyol;31;-1;11;15;20;1;1;0
589;1;2022-23;13;2022-11-06;Betis;27;-1;23;16;8;Sevilla;39;-1;10;11;19;1;1;0
590;1;2022-23;13;2022-11-06;Real Sociedad;37;-1;22;16;15;Valencia;40;-1;15;18;14;1;1;0
591;1;2022-23;13;2022-11-06;Villarreal;42;-1;18;14;8;Mallorca;34;-1;13;10;13;0;2;-2
592;1;2022-23;13;2022-11-07;Rayo Vallecano;36;-1;18;17;14;Real Madrid;38;-1;32;29;10;3;2;1
593;1;2022-23;14;2022-11-08;Athletic Club;24;-1;21;21;14;Valladolid;41;-1;17;13;18;3;0;3
594;1;2022-23;14;2022-11-08;Elche;30;-1;4;9;29;Girona;33;-1;13;18;21;1;2;-1
595;1;2022-23;14;2022-11-08;Osasuna;35;-1;23;15;12;Barcelona;26;-1;34;31;4;1;2;-1
596;1;2022-23;14;2022-11-09;Espanyol;31;-1;12;16;21;Villarreal;42;-1;18;14;10;0;1;-1
597;1;2022-23;14;2022-11-09;Almería;23;-1;13;15;22;Getafe;32;-1;14;12;19;1;0;1
598;1;2022-23;14;2022-11-09;Mallorca;34;-1;16;12;13;Atlético de Madrid;25;-1;24;21;13;1;0;1
599;1;2022-23;14;2022-11-09;Sevilla;39;-1;11;12;20;Real Sociedad;37;-1;23;17;16;1;2;-1
600;1;2022-23;14;2022-11-10;Valencia;40;-1;16;19;15;Betis;27;-1;24;17;9;3;0;3
601;1;2022-23;14;2022-11-10;Rayo Vallecano;36;-1;21;20;16;Celta de Vigo;29;-1;11;14;26;0;0;0
602;1;2022-23;14;2022-11-10;Real Madrid;38;-1;32;31;13;Cádiz;28;-1;11;8;24;2;1;1
603;1;2022-23;15;2022-12-29;Atlético de Madrid;25;-1;24;21;14;Elche;30;-1;4;10;31;2;0;2
604;1;2022-23;15;2022-12-29;Girona;33;-1;16;20;22;Rayo Vallecano;36;-1;22;20;16;2;2;0
605;1;2022-23;15;2022-12-29;Betis;27;-1;24;17;12;Athletic Club;24;-1;24;24;14;0;0;0
606;1;2022-23;15;2022-12-30;Celta de Vigo;29;-1;12;14;26;Sevilla;39;-1;11;13;22;1;1;0
607;1;2022-23;15;2022-12-30;Getafe;32;-1;14;12;20;Mallorca;34;-1;19;13;13;2;0;2
608;1;2022-23;15;2022-12-30;Valladolid;41;-1;17;13;21;Real Madrid;38;-1;35;33;14;0;2;-2
609;1;2022-23;15;2022-12-30;Cádiz;28;-1;11;9;26;Almería;23;-1;16;16;22;1;1;0
610;1;2022-23;15;2022-12-31;Barcelona;26;-1;37;33;5;Espanyol;31;-1;12;16;22;1;1;0
611;1;2022-23;15;2022-12-31;Real Sociedad;37;-1;26;19;17;Osasuna;35;-1;23;16;14;2;0;2
612;1;2022-23;15;2022-12-31;Villarreal;42;-1;21;15;10;Valencia;40;-1;19;22;15;2;1;1
613;1;2022-23;16;2023-01-06;Elche;30;-1;4;10;33;Celta de Vigo;29;-1;13;15;27;0;1;-1
614;1;2022-23;16;2023-01-06;Valencia;40;-1;19;23;17;Cádiz;28;-1;12;10;27;0;1;-1
615;1;2022-23;16;2023-01-07;Mallorca;34;-1;19;13;15;Valladolid;41;-1;17;13;23;1;0;1
616;1;2022-23;16;2023-01-07;Espanyol;31;-1;13;17;23;Girona;33;-1;17;22;24;2;2;0
617;1;2022-23;16;2023-01-07;Villarreal;42;-1;24;17;11;Real Madrid;38;-1;38;35;14;2;1;1
618;1;2022-23;16;2023-01-08;Atlético de Madrid;25;-1;27;23;14;Barcelona;26;-1;38;34;6;0;1;-1
619;1;2022-23;16;2023-01-08;Almería;23;-1;17;17;23;Real Sociedad;37;-1;29;21;17;0;2;-2
620;1;2022-23;16;2023-01-08;Rayo Vallecano;36;-1;23;22;18;Betis;27;-1;25;17;12;1;2;-1
621;1;2022-23;16;2023-01-08;Sevilla;39;-1;12;14;23;Getafe;32;-1;17;14;20;2;1;1
622;1;2022-23;16;2023-01-09;Athletic Club;24;-1;25;24;14;Osasuna;35;-1;23;16;16;0;0;0
623;1;2022-23;17;2023-01-13;Celta de Vigo;29;-1;16;16;27;Villarreal;42;-1;27;19;12;1;1;0
624;1;2022-23;17;2023-01-14;Girona;33;-1;18;24;26;Sevilla;39;-1;15;16;24;2;1;1
625;1;2022-23;17;2023-01-14;Real Sociedad;37;-1;32;23;17;Athletic Club;24;-1;26;24;14;3;1;2
626;1;2022-23;17;2023-01-14;Osasuna;35;-1;24;16;16;Mallorca;34;-1;22;14;15;1;0;1
627;1;2022-23;17;2023-01-14;Valladolid;41;-1;17;13;24;Rayo Vallecano;36;-1;23;23;20;0;1;-1
628;1;2022-23;17;2023-01-15;Almería;23;-1;17;17;25;Atlético de Madrid;25;-1;27;23;15;1;1;0
629;1;2022-23;17;2023-01-15;Getafe;32;-1;17;15;22;Espanyol;31;-1;14;19;25;1;2;-1
630;1;2022-23;17;2023-01-16;Cádiz;28;-1;15;11;27;Elche;30;-1;4;10;34;1;1;0
631;1;2022-23;17;2023-02-01;Betis;27;-1;28;19;13;Barcelona;26;-1;41;35;6;1;2;-1
632;1;2022-23;17;2023-02-02;Real Madrid;38;-1;38;36;16;Valencia;40;-1;19;23;18;2;0;2
633;1;2022-23;18;2023-01-20;Mallorca;34;-1;22;14;16;Celta de Vigo;29;-1;17;17;28;1;0;1
634;1;2022-23;18;2023-01-21;Atlético de Madrid;25;-1;28;24;16;Valladolid;41;-1;17;13;25;3;0;3
635;1;2022-23;18;2023-01-21;Rayo Vallecano;36;-1;26;24;20;Real Sociedad;37;-1;35;26;18;0;2;-2
636;1;2022-23;18;2023-01-21;Espanyol;31;-1;17;21;26;Betis;27;-1;28;20;15;1;0;1
637;1;2022-23;18;2023-01-21;Sevilla;39;-1;15;17;26;Cádiz;28;-1;16;12;28;1;0;1
638;1;2022-23;18;2023-01-22;Athletic Club;24;-1;26;25;17;Real Madrid;38;-1;41;38;16;0;2;-2
639;1;2022-23;18;2023-01-22;Barcelona;26;-1;44;37;7;Getafe;32;-1;17;16;24;1;0;1
640;1;2022-23;18;2023-01-22;Elche;30;-1;5;11;35;Osasuna;35;-1;27;17;16;1;1;0
641;1;2022-23;18;2023-01-22;Villarreal;42;-1;28;20;13;Girona;33;-1;21;26;27;1;0;1
642;1;2022-23;18;2023-01-23;Valencia;40;-1;19;23;20;Almería;23;-1;18;18;26;2;2;0
643;1;2022-23;19;2023-01-27;Almería;23;-1;19;20;28;Espanyol;31;-1;20;22;26;3;1;2
644;1;2022-23;19;2023-01-28;Cádiz;28;-1;16;12;29;Mallorca;34;-1;25;15;16;2;0;2
645;1;2022-23;19;2023-01-28;Girona;33;-1;21;26;28;Barcelona;26;-1;47;38;7;0;1;-1
646;1;2022-23;19;2023-01-28;Getafe;32;-1;17;16;25;Betis;27;-1;28;20;16;0;1;-1
647;1;2022-23;19;2023-01-28;Sevilla;39;-1;18;18;26;Elche;30;-1;6;12;36;3;0;3
648;1;2022-23;19;2023-01-29;Real Madrid;38;-1;44;40;16;Real Sociedad;37;-1;38;28;18;0;0;0
649;1;2022-23;19;2023-01-29;Celta de Vigo;29;-1;17;17;29;Athletic Club;24;-1;26;25;19;1;0;1
650;1;2022-23;19;2023-01-29;Osasuna;35;-1;28;18;17;Atlético de Madrid;25;-1;31;27;16;0;1;-1
651;1;2022-23;19;2023-01-29;Valladolid;41;-1;17;13;28;Valencia;40;-1;20;25;22;1;0;1
652;1;2022-23;19;2023-01-30;Villarreal;42;-1;31;21;13;Rayo Vallecano;36;-1;26;24;22;0;1;-1
653;1;2022-23;20;2023-02-03;Athletic Club;24;-1;26;25;20;Cádiz;28;-1;19;14;29;4;1;3
654;1;2022-23;20;2023-02-04;Atlético de Madrid;25;-1;34;28;16;Getafe;32;-1;17;16;26;1;1;0
655;1;2022-23;20;2023-02-04;Betis;27;-1;31;21;16;Celta de Vigo;29;-1;20;18;29;3;4;-1
656;1;2022-23;20;2023-02-04;Elche;30;-1;6;12;39;Villarreal;42;-1;31;21;14;3;1;2
657;1;2022-23;20;2023-02-04;Espanyol;31;-1;20;23;29;Osasuna;35;-1;28;18;18;1;1;0
658;1;2022-23;20;2023-02-05;Barcelona;26;-1;50;39;7;Sevilla;39;-1;21;21;26;3;0;3
659;1;2022-23;20;2023-02-05;Mallorca;34;-1;25;15;18;Real Madrid;38;-1;45;40;16;1;0;1
660;1;2022-23;20;2023-02-05;Real Sociedad;37;-1;39;28;18;Valladolid;41;-1;20;14;28;0;1;-1
661;1;2022-23;20;2023-02-05;Girona;33;-1;21;26;29;Valencia;40;-1;20;25;23;1;0;1
662;1;2022-23;20;2023-02-06;Rayo Vallecano;36;-1;29;25;22;Almería;23;-1;22;23;29;2;0;2
663;1;2022-23;21;2023-02-10;Cádiz;28;-1;19;15;33;Girona;33;-1;24;27;29;2;0;2
664;1;2022-23;21;2023-02-11;Almería;23;-1;22;23;31;Betis;27;-1;31;24;20;2;3;-1
665;1;2022-23;21;2023-02-11;Valencia;40;-1;20;25;24;Athletic Club;24;-1;29;29;21;1;2;-1
666;1;2022-23;21;2023-02-11;Sevilla;39;-1;21;21;29;Mallorca;34;-1;28;16;18;2;0;2
667;1;2022-23;21;2023-02-12;Getafe;32;-1;18;17;27;Rayo Vallecano;36;-1;32;27;22;1;1;0
668;1;2022-23;21;2023-02-12;Celta de Vigo;29;-1;23;22;32;Atlético de Madrid;25;-1;35;29;17;0;1;-1
669;1;2022-23;21;2023-02-12;Villarreal;42;-1;31;22;17;Barcelona;26;-1;53;42;7;0;1;-1
670;1;2022-23;21;2023-02-12;Valladolid;41;-1;23;15;28;Osasuna;35;-1;29;19;19;0;0;0
671;1;2022-23;21;2023-02-13;Espanyol;31;-1;21;24;30;Real Sociedad;37;-1;39;28;19;2;3;-1
672;1;2022-23;21;2023-02-15;Real Madrid;38;-1;45;40;17;Elche;30;-1;9;15;40;4;0;4
673;1;2022-23;22;2023-02-17;Girona;33;-1;24;27;31;Almería;23;-1;22;25;34;6;2;4
674;1;2022-23;22;2023-02-18;Betis;27;-1;34;27;22;Valladolid;41;-1;24;15;28;2;1;1
675;1;2022-23;22;2023-02-18;Mallorca;34;-1;28;16;20;Villarreal;42;-1;31;22;18;4;2;2
676;1;2022-23;22;2023-02-18;Osasuna;35;-1;30;19;19;Real Madrid;38;-1;48;44;17;0;2;-2
677;1;2022-23;22;2023-02-18;Real Sociedad;37;-1;42;31;21;Celta de Vigo;29;-1;23;22;33;1;1;0
678;1;2022-23;22;2023-02-19;Barcelona;26;-1;56;43;7;Cádiz;28;-1;22;17;33;2;0;2
679;1;2022-23;22;2023-02-19;Elche;30;-1;9;15;44;Espanyol;31;-1;21;26;33;0;1;-1
680;1;2022-23;22;2023-02-19;Rayo Vallecano;36;-1;33;28;23;Sevilla;39;-1;24;23;29;1;1;0
681;1;2022-23;22;2023-02-19;Atlético de Madrid;25;-1;38;30;17;Athletic Club;24;-1;32;31;22;1;0;1
682;1;2022-23;22;2023-02-20;Getafe;32;-1;19;18;28;Valencia;40;-1;20;26;26;1;0;1
683;1;2022-23;23;2023-02-24;Elche;30;-1;9;15;45;Betis;27;-1;37;29;23;2;3;-1
684;1;2022-23;23;2023-02-25;Cádiz;28;-1;22;17;35;Rayo Vallecano;36;-1;34;29;24;1;0;1
685;1;2022-23;23;2023-02-25;Espanyol;31;-1;24;27;33;Mallorca;34;-1;31;20;22;2;1;1
686;1;2022-23;23;2023-02-25;Real Madrid;38;-1;51;46;17;Atlético de Madrid;25;-1;41;31;17;1;1;0
687;1;2022-23;23;2023-02-25;Valencia;40;-1;20;26;27;Real Sociedad;37;-1;43;32;22;1;0;1
688;1;2022-23;23;2023-02-26;Athletic Club;24;-1;32;31;23;Girona;33;-1;27;33;33;2;3;-1
689;1;2022-23;23;2023-02-26;Celta de Vigo;29;-1;24;23;34;Valladolid;41;-1;24;16;30;3;0;3
690;1;2022-23;23;2023-02-26;Almería;23;-1;22;27;40;Barcelona;26;-1;59;45;7;1;0;1
691;1;2022-23;23;2023-02-26;Sevilla;39;-1;25;24;30;Osasuna;35;-1;30;19;21;2;3;-1
692;1;2022-23;23;2023-02-27;Villarreal;42;-1;31;24;22;Getafe;32;-1;22;19;28;2;1;1
693;1;2022-23;24;2023-03-03;Real Sociedad;37;-1;43;32;23;Cádiz;28;-1;25;18;35;0;0;0
694;1;2022-23;24;2023-03-04;Atlético de Madrid;25;-1;42;32;18;Sevilla;39;-1;25;26;33;6;1;5
695;1;2022-23;24;2023-03-04;Getafe;32;-1;22;20;30;Girona;33;-1;30;36;35;3;2;1
696;1;2022-23;24;2023-03-04;Almería;23;-1;25;28;40;Villarreal;42;-1;34;26;23;0;2;-2
697;1;2022-23;24;2023-03-04;Mallorca;34;-1;31;21;24;Elche;30;-1;9;17;48;0;1;-1
698;1;2022-23;24;2023-03-05;Barcelona;26;-1;59;45;8;Valencia;40;-1;23;27;27;1;0;1
699;1;2022-23;24;2023-03-05;Betis;27;-1;40;32;25;Real Madrid;38;-1;52;47;18;0;0;0
700;1;2022-23;24;2023-03-05;Rayo Vallecano;36;-1;34;29;25;Athletic Club;24;-1;32;33;26;0;0;0
701;1;2022-23;24;2023-03-05;Valladolid;41;-1;24;16;33;Espanyol;31;-1;27;29;34;2;1;1
702;1;2022-23;24;2023-03-06;Osasuna;35;-1;33;22;23;Celta de Vigo;29;-1;27;26;34;0;0;0
703;1;2022-23;25;2023-03-10;Cádiz;28;-1;26;18;35;Getafe;32;-1;25;23;32;2;2;0
704;1;2022-23;25;2023-03-11;Celta de Vigo;29;-1;28;26;34;Rayo Vallecano;36;-1;35;29;25;3;0;3
705;1;2022-23;25;2023-03-11;Elche;30;-1;12;18;48;Valladolid;41;-1;27;18;34;1;1;0
706;1;2022-23;25;2023-03-11;Real Madrid;38;-1;53;47;18;Espanyol;31;-1;27;30;36;3;1;2
707;1;2022-23;25;2023-03-11;Valencia;40;-1;23;27;28;Osasuna;35;-1;34;22;23;1;0;1
708;1;2022-23;25;2023-03-12;Athletic Club;24;-1;33;33;26;Barcelona;26;-1;62;46;8;0;1;-1
709;1;2022-23;25;2023-03-12;Mallorca;34;-1;31;21;25;Real Sociedad;37;-1;44;32;23;1;1;0
710;1;2022-23;25;2023-03-12;Villarreal;42;-1;37;28;23;Betis;27;-1;41;32;25;1;1;0
711;1;2022-23;25;2023-03-12;Sevilla;39;-1;25;27;39;Almería;23;-1;25;28;42;2;1;1
712;1;2022-23;25;2023-03-13;Girona;33;-1;30;38;38;Atlético de Madrid;25;-1;45;38;19;0;1;-1
713;1;2022-23;26;2023-03-17;Valladolid;41;-1;28;19;35;Athletic Club;24;-1;33;33;27;1;3;-2
714;1;2022-23;26;2023-03-18;Atlético de Madrid;25;-1;48;39;19;Valencia;40;-1;26;28;28;3;0;3
715;1;2022-23;26;2023-03-18;Almería;23;-1;25;29;44;Cádiz;28;-1;27;20;37;1;1;0
716;1;2022-23;26;2023-03-18;Espanyol;31;-1;27;31;39;Celta de Vigo;29;-1;31;29;34;1;3;-2
717;1;2022-23;26;2023-03-18;Rayo Vallecano;36;-1;35;29;28;Girona;33;-1;30;38;39;2;2;0
718;1;2022-23;26;2023-03-19;Barcelona;26;-1;65;47;8;Real Madrid;38;-1;56;50;19;2;1;1
719;1;2022-23;26;2023-03-19;Betis;27;-1;42;33;26;Mallorca;34;-1;32;22;26;1;0;1
720;1;2022-23;26;2023-03-19;Getafe;32;-1;26;25;34;Sevilla;39;-1;28;29;40;2;0;2
721;1;2022-23;26;2023-03-19;Osasuna;35;-1;34;22;24;Villarreal;42;-1;38;29;24;0;3;-3
722;1;2022-23;26;2023-03-19;Real Sociedad;37;-1;45;33;24;Elche;30;-1;13;19;49;2;0;2
723;1;2022-23;27;2023-03-31;Mallorca;34;-1;32;22;27;Osasuna;35;-1;34;22;27;0;0;0
724;1;2022-23;27;2023-04-01;Athletic Club;24;-1;36;36;28;Getafe;32;-1;29;27;34;0;0;0
725;1;2022-23;27;2023-04-01;Cádiz;28;-1;28;21;38;Sevilla;39;-1;28;29;42;0;2;-2
726;1;2022-23;27;2023-04-01;Elche;30;-1;13;19;51;Barcelona;26;-1;68;49;9;0;4;-4
727;1;2022-23;27;2023-04-01;Girona;33;-1;31;40;41;Espanyol;31;-1;27;32;42;2;1;1
728;1;2022-23;27;2023-04-02;Atlético de Madrid;25;-1;51;42;19;Betis;27;-1;45;34;26;1;0;1
729;1;2022-23;27;2023-04-02;Real Madrid;38;-1;56;51;21;Valladolid;41;-1;28;20;38;6;0;6
730;1;2022-23;27;2023-04-02;Villarreal;42;-1;41;32;24;Real Sociedad;37;-1;48;35;24;2;0;2
731;1;2022-23;27;2023-04-02;Celta de Vigo;29;-1;34;32;35;Almería;23;-1;26;30;45;2;2;0
732;1;2022-23;27;2023-04-03;Valencia;40;-1;26;28;31;Rayo Vallecano;36;-1;36;31;30;1;1;0
733;1;2022-23;28;2023-04-07;Sevilla;39;-1;31;31;42;Celta de Vigo;29;-1;35;34;37;2;2;0
734;1;2022-23;28;2023-04-08;Real Madrid;38;-1;59;57;21;Villarreal;42;-1;44;34;24;2;3;-1
735;1;2022-23;28;2023-04-08;Espanyol;31;-1;27;33;44;Athletic Club;24;-1;37;36;28;1;2;-1
736;1;2022-23;28;2023-04-08;Osasuna;35;-1;35;22;27;Elche;30;-1;13;19;55;2;1;1
737;1;2022-23;28;2023-04-08;Real Sociedad;37;-1;48;35;26;Getafe;32;-1;30;27;34;2;0;2
738;1;2022-23;28;2023-04-09;Betis;27;-1;45;34;27;Cádiz;28;-1;28;21;40;0;2;-2
739;1;2022-23;28;2023-04-09;Almería;23;-1;27;32;47;Valencia;40;-1;27;29;32;2;1;1
740;1;2022-23;28;2023-04-09;Rayo Vallecano;36;-1;37;32;31;Atlético de Madrid;25;-1;54;43;19;1;2;-1
741;1;2022-23;28;2023-04-09;Valladolid;41;-1;28;20;44;Mallorca;34;-1;33;22;27;3;3;0
742;1;2022-23;28;2023-04-10;Barcelona;26;-1;71;53;9;Girona;33;-1;34;42;42;0;0;0
743;1;2022-23;29;2023-04-14;Rayo Vallecano;36;-1;37;33;33;Osasuna;35;-1;38;24;28;2;1;1
744;1;2022-23;29;2023-04-15;Athletic Club;24;-1;40;38;29;Real Sociedad;37;-1;51;37;26;2;0;2
745;1;2022-23;29;2023-04-15;Betis;27;-1;45;34;29;Espanyol;31;-1;27;34;46;3;1;2
746;1;2022-23;29;2023-04-15;Cádiz;28;-1;31;23;40;Real Madrid;38;-1;59;59;24;0;2;-2
747;1;2022-23;29;2023-04-15;Villarreal;42;-1;47;37;26;Valladolid;41;-1;29;23;47;1;2;-1
748;1;2022-23;29;2023-04-16;Getafe;32;-1;30;27;36;Barcelona;26;-1;72;53;9;0;0;0
749;1;2022-23;29;2023-04-16;Girona;33;-1;35;42;42;Elche;30;-1;13;20;57;2;0;2
750;1;2022-23;29;2023-04-16;Valencia;40;-1;27;30;34;Sevilla;39;-1;32;33;44;0;2;-2
751;1;2022-23;29;2023-04-16;Atlético de Madrid;25;-1;57;45;20;Almería;23;-1;30;34;48;2;1;1
752;1;2022-23;29;2023-04-17;Celta de Vigo;29;-1;36;36;39;Mallorca;34;-1;34;25;30;0;1;-1
753;1;2022-23;30;2023-04-21;Espanyol;31;-1;27;35;49;Cádiz;28;-1;31;23;42;0;0;0
754;1;2022-23;30;2023-04-22;Almería;23;-1;30;35;50;Athletic Club;24;-1;43;40;29;1;2;-1
755;1;2022-23;30;2023-04-22;Osasuna;35;-1;38;25;30;Betis;27;-1;48;37;30;3;2;1
756;1;2022-23;30;2023-04-22;Real Madrid;38;-1;62;61;24;Celta de Vigo;29;-1;36;36;40;2;0;2
757;1;2022-23;30;2023-04-22;Real Sociedad;37;-1;51;37;28;Rayo Vallecano;36;-1;40;35;34;2;1;1
758;1;2022-23;30;2023-04-22;Valladolid;41;-1;32;25;48;Girona;33;-1;38;44;42;1;0;1
759;1;2022-23;30;2023-04-23;Elche;30;-1;13;20;59;Valencia;40;-1;27;30;36;0;2;-2
760;1;2022-23;30;2023-04-23;Sevilla;39;-1;35;35;44;Villarreal;42;-1;47;38;28;2;1;1
761;1;2022-23;30;2023-04-23;Barcelona;26;-1;73;53;9;Atlético de Madrid;25;-1;60;47;21;1;0;1
762;1;2022-23;30;2023-04-23;Mallorca;34;-1;37;26;30;Getafe;32;-1;31;27;36;3;1;2
763;1;2022-23;31;2023-04-25;Betis;27;-1;48;39;33;Real Sociedad;37;-1;54;39;29;0;0;0
764;1;2022-23;31;2023-04-25;Cádiz;28;-1;32;23;42;Osasuna;35;-1;41;28;32;0;1;-1
765;1;2022-23;31;2023-04-25;Girona;33;-1;38;44;43;Real Madrid;38;-1;65;63;24;4;2;2
766;1;2022-23;31;2023-04-26;Atlético de Madrid;25;-1;60;47;22;Mallorca;34;-1;40;29;31;3;1;2
767;1;2022-23;31;2023-04-26;Celta de Vigo;29;-1;36;36;42;Elche;30;-1;13;20;61;1;0;1
768;1;2022-23;31;2023-04-26;Rayo Vallecano;36;-1;40;36;36;Barcelona;26;-1;76;54;9;2;1;1
769;1;2022-23;31;2023-04-26;Getafe;32;-1;31;28;39;Almería;23;-1;30;36;52;1;2;-1
770;1;2022-23;31;2023-04-27;Athletic Club;24;-1;46;42;30;Sevilla;39;-1;38;37;45;0;1;-1
771;1;2022-23;31;2023-04-27;Valencia;40;-1;30;32;36;Valladolid;41;-1;35;26;48;2;1;1
772;1;2022-23;31;2023-04-27;Villarreal;42;-1;47;39;30;Espanyol;31;-1;28;35;49;4;2;2
773;1;2022-23;32;2023-04-28;Osasuna;35;-1;44;29;32;Real Sociedad;37;-1;55;39;29;0;2;-2
774;1;2022-23;32;2023-04-29;Barcelona;26;-1;76;55;11;Betis;27;-1;49;39;33;4;0;4
775;1;2022-23;32;2023-04-29;Elche;30;-1;13;20;62;Rayo Vallecano;36;-1;43;38;37;4;0;4
776;1;2022-23;32;2023-04-29;Real Madrid;38;-1;65;65;28;Almería;23;-1;33;38;53;4;2;2
777;1;2022-23;32;2023-04-30;Cádiz;28;-1;32;23;43;Valencia;40;-1;33;34;37;2;1;1
778;1;2022-23;32;2023-04-30;Espanyol;31;-1;28;37;53;Getafe;32;-1;31;29;41;1;0;1
779;1;2022-23;32;2023-04-30;Valladolid;41;-1;35;27;50;Atlético de Madrid;25;-1;63;50;23;2;5;-3
780;1;2022-23;32;2023-04-30;Villarreal;42;-1;50;43;32;Celta de Vigo;29;-1;39;37;42;3;1;2
781;1;2022-23;32;2023-05-01;Mallorca;34;-1;40;30;34;Athletic Club;24;-1;46;42;31;1;1;0
782;1;2022-23;32;2023-05-01;Sevilla;39;-1;41;38;45;Girona;33;-1;41;48;45;0;2;-2
783;1;2022-23;33;2023-05-02;Barcelona;26;-1;79;59;11;Osasuna;35;-1;44;29;34;1;0;1
784;1;2022-23;33;2023-05-02;Almería;23;-1;33;40;57;Elche;30;-1;16;24;62;2;1;1
785;1;2022-23;33;2023-05-02;Real Sociedad;37;-1;58;41;29;Real Madrid;38;-1;68;69;30;2;0;2
786;1;2022-23;33;2023-05-03;Atlético de Madrid;25;-1;66;55;25;Cádiz;28;-1;35;25;44;5;1;4
787;1;2022-23;33;2023-05-03;Valencia;40;-1;33;35;39;Villarreal;42;-1;53;46;33;1;1;0
788;1;2022-23;33;2023-05-03;Getafe;32;-1;31;29;42;Celta de Vigo;29;-1;39;38;45;1;0;1
789;1;2022-23;33;2023-05-04;Athletic Club;24;-1;47;43;32;Betis;27;-1;49;39;37;0;1;-1
790;1;2022-23;33;2023-05-04;Rayo Vallecano;36;-1;43;38;41;Valladolid;41;-1;35;29;55;2;1;1
791;1;2022-23;33;2023-05-04;Girona;33;-1;44;50;45;Mallorca;34;-1;41;31;35;2;1;1
792;1;2022-23;33;2023-05-04;Sevilla;39;-1;41;38;47;Espanyol;31;-1;31;38;53;3;2;1
793;1;2022-23;34;2023-05-12;Mallorca;34;-1;41;32;37;Cádiz;28;-1;35;26;49;1;0;1
794;1;2022-23;34;2023-05-13;Villarreal;42;-1;54;47;34;Athletic Club;24;-1;47;43;33;5;1;4
795;1;2022-23;34;2023-05-13;Real Madrid;38;-1;68;69;32;Getafe;32;-1;34;30;42;1;0;1
796;1;2022-23;34;2023-05-13;Osasuna;35;-1;44;29;35;Almería;23;-1;36;42;58;3;1;2
797;1;2022-23;34;2023-05-13;Real Sociedad;37;-1;61;43;29;Girona;33;-1;47;52;46;2;2;0
798;1;2022-23;34;2023-05-14;Celta de Vigo;29;-1;39;38;46;Valencia;40;-1;34;36;40;1;2;-1
799;1;2022-23;34;2023-05-14;Elche;30;-1;16;25;64;Atlético de Madrid;25;-1;69;60;26;1;0;1
800;1;2022-23;34;2023-05-14;Espanyol;31;-1;31;40;56;Barcelona;26;-1;82;60;11;2;4;-2
801;1;2022-23;34;2023-05-14;Valladolid;41;-1;35;30;57;Sevilla;39;-1;44;41;49;0;3;-3
802;1;2022-23;34;2023-05-15;Betis;27;-1;52;40;37;Rayo Vallecano;36;-1;46;40;42;3;1;2
803;1;2022-23;35;2023-05-19;Cádiz;28;-1;35;26;50;Valladolid;41;-1;35;30;60;2;0;2
804;1;2022-23;35;2023-05-20;Athletic Club;24;-1;47;44;38;Celta de Vigo;29;-1;39;39;48;2;1;1
805;1;2022-23;35;2023-05-20;Barcelona;26;-1;85;64;13;Real Sociedad;37;-1;62;45;31;1;2;-1
806;1;2022-23;35;2023-05-20;Almería;23;-1;36;43;61;Mallorca;34;-1;44;33;37;3;0;3
807;1;2022-23;35;2023-05-20;Girona;33;-1;48;54;48;Villarreal;42;-1;57;52;35;1;2;-1
808;1;2022-23;35;2023-05-20;Getafe;32;-1;34;30;43;Elche;30;-1;19;26;64;1;1;0
809;1;2022-23;35;2023-05-21;Atlético de Madrid;25;-1;69;60;27;Osasuna;35;-1;47;32;36;3;0;3
810;1;2022-23;35;2023-05-21;Sevilla;39;-1;47;44;49;Betis;27;-1;55;43;38;0;0;0
811;1;2022-23;35;2023-05-21;Rayo Vallecano;36;-1;46;41;45;Espanyol;31;-1;31;42;60;1;2;-1
812;1;2022-23;35;2023-05-21;Valencia;40;-1;37;38;41;Real Madrid;38;-1;71;70;32;1;0;1
813;1;2022-23;36;2023-05-23;Celta de Vigo;29;-1;39;40;50;Girona;33;-1;48;55;50;1;1;0
814;1;2022-23;36;2023-05-23;Valladolid;41;-1;35;30;62;Barcelona;26;-1;85;65;15;3;1;2
815;1;2022-23;36;2023-05-23;Real Sociedad;37;-1;65;47;32;Almería;23;-1;39;46;61;1;0;1
816;1;2022-23;36;2023-05-24;Betis;27;-1;56;43;38;Getafe;32;-1;35;31;44;0;1;-1
817;1;2022-23;36;2023-05-24;Elche;30;-1;20;27;65;Sevilla;39;-1;48;44;49;1;1;0
818;1;2022-23;36;2023-05-24;Espanyol;31;-1;34;44;61;Atlético de Madrid;25;-1;72;63;27;3;3;0
819;1;2022-23;36;2023-05-24;Villarreal;42;-1;60;54;36;Cádiz;28;-1;38;28;50;2;0;2
820;1;2022-23;36;2023-05-24;Real Madrid;38;-1;71;70;33;Rayo Vallecano;36;-1;46;42;47;2;1;1
821;1;2022-23;36;2023-05-25;Mallorca;34;-1;44;33;40;Valencia;40;-1;40;39;41;1;0;1
822;1;2022-23;36;2023-05-25;Osasuna;35;-1;47;32;39;Athletic Club;24;-1;50;46;39;2;0;2
823;1;2022-23;37;2023-05-27;Sevilla;39;-1;49;45;50;Real Madrid;38;-1;74;72;34;1;2;-1
824;1;2022-23;37;2023-05-28;Athletic Club;24;-1;50;46;41;Elche;30;-1;21;28;66;0;1;-1
825;1;2022-23;37;2023-05-28;Atlético de Madrid;25;-1;73;66;30;Real Sociedad;37;-1;68;48;32;2;1;1
826;1;2022-23;37;2023-05-28;Barcelona;26;-1;85;66;18;Mallorca;34;-1;47;34;40;3;0;3
827;1;2022-23;37;2023-05-28;Getafe;32;-1;38;32;44;Osasuna;35;-1;50;34;39;2;1;1
828;1;2022-23;37;2023-05-28;Cádiz;28;-1;38;28;52;Celta de Vigo;29;-1;40;41;51;1;0;1
829;1;2022-23;37;2023-05-28;Rayo Vallecano;36;-1;46;43;49;Villarreal;42;-1;63;56;36;2;1;1
830;1;2022-23;37;2023-05-28;Almería;23;-1;39;46;62;Valladolid;41;-1;38;33;63;0;0;0
831;1;2022-23;37;2023-05-28;Girona;33;-1;49;56;51;Betis;27;-1;56;43;39;1;2;-1
832;1;2022-23;37;2023-05-28;Valencia;40;-1;40;39;42;Espanyol;31;-1;35;47;64;2;2;0
833;1;2022-23;38;2023-06-04;Betis;27;-1;59;45;40;Valencia;40;-1;41;41;44;1;1;0
834;1;2022-23;38;2023-06-04;Mallorca;34;-1;47;34;43;Rayo Vallecano;36;-1;49;45;50;3;0;3
835;1;2022-23;38;2023-06-04;Real Sociedad;37;-1;68;49;34;Sevilla;39;-1;49;46;52;2;1;1
836;1;2022-23;38;2023-06-04;Real Madrid;38;-1;77;74;35;Athletic Club;24;-1;50;46;42;1;1;0
837;1;2022-23;38;2023-06-04;Villarreal;42;-1;63;57;38;Atlético de Madrid;25;-1;76;68;31;2;2;0
838;1;2022-23;38;2023-06-04;Celta de Vigo;29;-1;40;41;52;Barcelona;26;-1;88;69;18;2;1;1
839;1;2022-23;38;2023-06-04;Valladolid;41;-1;39;33;63;Getafe;32;-1;41;34;45;0;0;0
840;1;2022-23;38;2023-06-04;Elche;30;-1;24;29;66;Cádiz;28;-1;41;29;52;1;1;0
841;1;2022-23;38;2023-06-04;Espanyol;31;-1;36;49;66;Almería;23;-1;40;46;62;3;3;0
842;1;2022-23;38;2023-06-04;Osasuna;35;-1;50;35;41;Girona;33;-1;49;57;53;2;1;1
